id_transaksi,tanggal,cabang,kategori_produk,nama_produk,harga_satuan,jumlah_terjual,total_penjualan,metode_pembayaran,jenis_kelamin_pelanggan,usia_pelanggan,rating_kepuasan,status_promo,biaya_iklan_harian
TRX01409,2026-01-01,Surabaya,Laptop,Laptop A14,14493000,1,14493000,E-Wallet,L,57.0,,Reguler,584000
TRX00846,2026-01-01,Bandung,Smartphone,Smartphone MaxEdge,7967000,5,39835000,Kredit,L,21.0,,Reguler,1652000
TRX01550,2026-01-01,Jakarta,Aksesoris,Mouse Wireless,126000,4,504000,Tunai,P,33.0,5.0,Reguler,1092000
TRX01622,2026-01-01,Jakarta,Laptop,Laptop X1,13021000,3,39063000,Kredit,P,39.0,1.0,Reguler,727000
TRX01996,2026-01-01,Malang,Smartphone,Smartphone NovaLite,5472000,2,10944000,Kredit,P,41.0,4.0,Reguler,1630000
TRX00901,2026-01-01,Jakarta,Laptop,Laptop UltraSlim,9543000,2,19086000,E-Wallet,P,30.0,,Reguler,2103000
TRX01739,2026-01-01,Surabaya,Elektronik Rumah Tangga,TV LED 32in,4369000,2,8738000,Debit,P,,5.0,Reguler,637000
TRX00773,2026-01-01,Bandung,Smartphone,Smartphone Air,1974000,5,9870000,E-Wallet,P,26.0,,Reguler,1652000
TRX01913,2026-01-01,Jakarta,Elektronik Rumah Tangga,Rice Cooker,1714000,3,5142000,Debit,P,39.0,4.0,Reguler,2924000
TRX00845,2026-01-01,Jakarta,Smartphone,Smartphone Air,1632000,4,6528000,Debit,P,40.0,5.0,Reguler,1258000
TRX01949,2026-01-01,Bandung,Laptop,Laptop ProBook,9489000,3,28467000,E-Wallet,P,34.0,,Reguler,658000
TRX01237,2026-01-01,Bandung,Aksesoris,Mouse Wireless,329000,2,658000,Debit,P,41.0,4.0,Reguler,824000
TRX01482,2026-01-01,Jakarta,Elektronik Rumah Tangga,TV LED 32in,4858000,2,9716000,Debit,P,30.0,4.0,Reguler,2607000
TRX01488,2026-01-01,Malang,Aksesoris,Mouse Wireless,90000,2,180000,Debit,L,36.0,5.0,Reguler,2463000
TRX00381,2026-01-01,Surabaya,Aksesoris,Mouse Wireless,476000,5,2380000,Tunai,P,25.0,2.0,Reguler,2619000
TRX01294,2026-01-01,Malang,Laptop,Laptop A14,9312000,5,46560000,E-Wallet,L,26.0,,Reguler,2842000
TRX01279,2026-01-02,Malang,Smartphone,Smartphone MaxEdge,3298000,3,9894000,E-Wallet,L,31.0,5.0,Reguler,1109000
TRX01532,2026-01-02,Surabaya,Smartphone,Smartphone Air,2121000,5,10605000,Tunai,P,36.0,3.0,Reguler,1654000
TRX01175,2026-01-02,Bandung,Smartphone,Smartphone Z5,2690000,5,13450000,Debit,L,46.0,5.0,Reguler,228000
TRX01807,2026-01-02,Bandung,Laptop,Laptop A14,13401000,3,40203000,Kredit,P,,5.0,Reguler,1964000
TRX00303,2026-01-02,Bandung,Smartphone,Smartphone NovaLite,4620000,3,13860000,E-Wallet,L,31.0,5.0,Reguler,1608000
TRX00707,2026-01-02,Malang,Smartphone,Smartphone Z5,2087000,2,4174000,E-Wallet,L,36.0,4.0,Reguler,231000
TRX01190,2026-01-02,Malang,Smartphone,Smartphone NovaLite,5757000,3,17271000,Debit,L,32.0,4.0,Reguler,1418000
TRX00104,2026-01-02,Jakarta,Elektronik Rumah Tangga,Rice Cooker,5951000,3,17853000,Tunai,P,48.0,4.0,Reguler,1406000
TRX00575,2026-01-02,Jakarta,Elektronik Rumah Tangga,Rice Cooker,2838000,5,14190000,E-Wallet,L,64.0,3.0,Reguler,2176000
TRX01070,2026-01-02,Surabaya,Smartphone,Smartphone Z5,4040000,5,20200000,Debit,L,25.0,,Reguler,425000
TRX00465,2026-01-02,Jakarta,Laptop,Laptop ProBook,6826000,2,13652000,Kredit,L,20.0,5.0,Reguler,1157000
TRX01763,2026-01-02,Surabaya,Smartphone,Smartphone NovaLite,6036000,1,6036000,Tunai,P,20.0,5.0,Reguler,1279000
TRX01121,2026-01-03,Surabaya,Smartphone,Smartphone NovaLite,1821000,3,5463000,Debit,L,38.0,3.0,Reguler,2815000
TRX00889,2026-01-03,Bandung,Laptop,Laptop UltraSlim,6758000,3,20274000,E-Wallet,L,45.0,4.0,Reguler,239000
TRX01682,2026-01-03,Malang,Laptop,Laptop UltraSlim,6662000,2,13324000,Kredit,L,32.0,3.0,Reguler,1913000
TRX01038,2026-01-03,Jakarta,Laptop,Laptop UltraSlim,10474000,1,10474000,E-Wallet,P,27.0,4.0,Reguler,2142000
TRX00839,2026-01-03,Malang,Aksesoris,Powerbank 10000mAh,499000,1,499000,Kredit,L,32.0,4.0,Reguler,2202000
TRX00410,2026-01-03,Jakarta,Aksesoris,Powerbank 10000mAh,292000,3,876000,Tunai,L,33.0,5.0,Reguler,1627000
TRX00801,2026-01-03,Surabaya,Smartphone,Smartphone Air,3959000,4,15836000,E-Wallet,P,32.0,1.0,Reguler,2492000
TRX00790,2026-01-03,Surabaya,Laptop,Laptop ProBook,6798000,1,6798000,E-Wallet,L,23.0,5.0,Reguler,1020000
TRX01594,2026-01-04,Bandung,Smartphone,Smartphone MaxEdge,7360000,1,7360000,Kredit,L,43.0,3.0,Reguler,1333000
TRX02090,2026-01-04,Malang,Elektronik Rumah Tangga,Kipas Angin,3728000,1,3728000,E-Wallet,L,28.0,4.0,Reguler,2537000
TRX01167,2026-01-04,Jakarta,Laptop,Laptop X1,13257000,2,26514000,Debit,P,33.0,3.0,Reguler,2300000
TRX00540,2026-01-04,Jakarta,Smartphone,Smartphone MaxEdge,3687000,1,3687000,Debit,P,31.0,5.0,Reguler,1495000
TRX00415,2026-01-04,Bandung,Elektronik Rumah Tangga,Rice Cooker,5861000,4,23444000,E-Wallet,L,44.0,3.0,Reguler,376000
TRX01652,2026-01-04,Jakarta,Aksesoris,Earphone Bluetooth,498000,4,1992000,E-Wallet,L,48.0,4.0,Reguler,1142000
TRX01624,2026-01-04,Surabaya,Elektronik Rumah Tangga,TV LED 32in,2557000,4,10228000,Debit,L,37.0,5.0,Reguler,2639000
TRX00233,2026-01-04,Surabaya,Smartphone,Smartphone Z5,1675000,1,1675000,Kredit,P,18.0,5.0,Reguler,1144000
TRX01529,2026-01-04,Malang,Aksesoris,Mouse Wireless,320000,5,1600000,Kredit,L,47.0,4.0,Reguler,1798000
TRX02171,2026-01-04,Bandung,Aksesoris,Powerbank 10000mAh,411000,3,1233000,E-Wallet,L,33.0,3.0,Reguler,1803000
TRX01366,2026-01-04,Jakarta,Smartphone,Smartphone MaxEdge,6074000,4,24296000,E-Wallet,L,20.0,5.0,Reguler,2423000
TRX00300,2026-01-04,Surabaya,Smartphone,Smartphone MaxEdge,6252000,3,18756000,Kredit,P,53.0,5.0,Reguler,1550000
TRX00478,2026-01-04,Jakarta,Laptop,Laptop X1,5492000,5,27460000,Kredit,L,30.0,4.0,Reguler,2621000
TRX00369,2026-01-05,Jakarta,Smartphone,Smartphone MaxEdge,6887000,1,6887000,Debit,L,21.0,,Reguler,595000
TRX02138,2026-01-05,Malang,Laptop,Laptop UltraSlim,10824000,4,43296000,Kredit,P,22.0,4.0,Reguler,2105000
TRX00429,2026-01-05,Malang,Aksesoris,Powerbank 10000mAh,148000,3,444000,E-Wallet,P,33.0,3.0,Reguler,2137000
TRX00170,2026-01-05,Surabaya,Elektronik Rumah Tangga,Rice Cooker,1349000,4,5396000,E-Wallet,P,46.0,3.0,Reguler,228000
TRX00272,2026-01-05,Bandung,Laptop,Laptop ProBook,7394000,5,36970000,Kredit,L,33.0,4.0,Reguler,2039000
TRX01180,2026-01-05,Jakarta,Elektronik Rumah Tangga,TV LED 32in,3648000,4,14592000,E-Wallet,L,18.0,4.0,Reguler,1744000
TRX01399,2026-01-05,Jakarta,Smartphone,Smartphone MaxEdge,6637000,1,6637000,E-Wallet,P,31.0,4.0,Reguler,355000
TRX01783,2026-01-05,Surabaya,Smartphone,Smartphone Air,6335000,4,25340000,E-Wallet,P,37.0,5.0,Reguler,1080000
TRX01744,2026-01-05,Malang,Smartphone,Smartphone Z5,1508000,2,3016000,E-Wallet,P,36.0,5.0,Reguler,2490000
TRX00821,2026-01-05,Surabaya,Elektronik Rumah Tangga,Kipas Angin,3164000,5,15820000,Kredit,L,28.0,4.0,Reguler,2988000
TRX00454,2026-01-05,Surabaya,Aksesoris,Earphone Bluetooth,276000,4,1104000,Debit,P,46.0,4.0,Reguler,2445000
TRX00138,2026-01-06,Surabaya,Smartphone,Smartphone NovaLite,6655000,4,26620000,Debit,L,22.0,5.0,Reguler,651000
TRX01536,2026-01-06,Surabaya,Aksesoris,Earphone Bluetooth,75000,2,150000,E-Wallet,P,46.0,5.0,Reguler,1914000
TRX01590,2026-01-06,Surabaya,Elektronik Rumah Tangga,Kipas Angin,3025000,5,15125000,E-Wallet,L,35.0,4.0,Reguler,2000000
TRX01493,2026-01-06,Jakarta,Smartphone,Smartphone NovaLite,7232000,4,28928000,E-Wallet,L,29.0,5.0,Reguler,2934000
TRX00385,2026-01-06,Jakarta,Laptop,Laptop ProBook,7409000,1,7409000,Debit,P,48.0,4.0,Reguler,1952000
TRX01300,2026-01-06,Surabaya,Smartphone,Smartphone Air,7709000,4,30836000,Debit,L,32.0,4.0,Reguler,1016000
TRX01944,2026-01-06,Surabaya,Smartphone,Smartphone Z5,3698000,1,3698000,E-Wallet,P,49.0,4.0,Reguler,2143000
TRX01869,2026-01-06,Surabaya,Laptop,Laptop A14,10411000,2,20822000,Kredit,L,42.0,3.0,Reguler,2679000
TRX00787,2026-01-06,Malang,Smartphone,Smartphone Z5,3224000,1,3224000,Tunai,P,,4.0,Reguler,2486000
TRX00830,2026-01-06,Surabaya,Elektronik Rumah Tangga,Kulkas 2 Pintu,5459000,5,27295000,Kredit,P,34.0,5.0,Reguler,2230000
TRX01683,2026-01-07,Jakarta,Smartphone,Smartphone NovaLite,4997000,1,4997000,E-Wallet,P,28.0,5.0,Reguler,654000
TRX00844,2026-01-07,Malang,Smartphone,Smartphone NovaLite,5960000,3,17880000,Debit,P,38.0,5.0,Reguler,2349000
TRX00117,2026-01-07,Surabaya,Aksesoris,Mouse Wireless,160000,1,160000,Kredit,L,32.0,2.0,Reguler,2172000
TRX01446,2026-01-07,Surabaya,Laptop,Laptop UltraSlim,12989000,3,38967000,E-Wallet,P,24.0,5.0,Reguler,1410000
TRX00970,2026-01-07,Surabaya,Aksesoris,Earphone Bluetooth,335000,5,1675000,Kredit,P,25.0,4.0,Reguler,2354000
TRX00328,2026-01-07,Malang,Aksesoris,Mouse Wireless,63000,4,252000,Debit,L,47.0,5.0,Reguler,2144000
TRX01909,2026-01-07,Malang,Laptop,Laptop ProBook,12991000,1,12991000,E-Wallet,P,50.0,5.0,Reguler,2335000
TRX01266,2026-01-07,Jakarta,Aksesoris,Earphone Bluetooth,117000,2,234000,Kredit,L,,5.0,Reguler,935000
TRX00147,2026-01-07,Jakarta,Aksesoris,Earphone Bluetooth,386000,4,1544000,Debit,L,22.0,4.0,Reguler,2196000
TRX00663,2026-01-07,Malang,Aksesoris,Powerbank 10000mAh,126000,1,126000,Debit,L,41.0,5.0,Reguler,1866000
TRX00562,2026-01-08,Jakarta,Laptop,Laptop UltraSlim,6601000,3,19803000,E-Wallet,L,20.0,4.0,Reguler,1587000
TRX00811,2026-01-08,Malang,Smartphone,Smartphone Z5,5299000,3,15897000,Debit,L,25.0,3.0,Reguler,2820000
TRX01452,2026-01-08,Surabaya,Smartphone,Smartphone NovaLite,7698000,4,30792000,E-Wallet,L,40.0,,Reguler,1053000
TRX00902,2026-01-08,Surabaya,Aksesoris,Casing HP,372000,3,1116000,Debit,L,53.0,,Reguler,1804000
TRX00250,2026-01-08,Malang,Elektronik Rumah Tangga,Kulkas 2 Pintu,2383000,5,11915000,Debit,L,32.0,3.0,Reguler,1383000
TRX01019,2026-01-08,Malang,Elektronik Rumah Tangga,Rice Cooker,1693000,4,6772000,E-Wallet,P,44.0,2.0,Reguler,1506000
TRX01099,2026-01-08,Malang,Laptop,Laptop A14,7964000,4,31856000,E-Wallet,L,34.0,4.0,Reguler,1810000
TRX00817,2026-01-08,Jakarta,Smartphone,Smartphone MaxEdge,2893000,5,14465000,Kredit,P,27.0,2.0,Reguler,2438000
TRX00870,2026-01-08,Surabaya,Smartphone,Smartphone NovaLite,3798000,1,3798000,Kredit,L,40.0,5.0,Reguler,1858000
TRX01240,2026-01-08,Malang,Smartphone,Smartphone MaxEdge,6103000,2,12206000,Tunai,L,41.0,5.0,Reguler,2979000
TRX01871,2026-01-08,Surabaya,Aksesoris,Powerbank 10000mAh,475000,1,475000,E-Wallet,P,27.0,5.0,Reguler,1220000
TRX00056,2026-01-08,Malang,Smartphone,Smartphone MaxEdge,5410000,2,10820000,Debit,L,35.0,5.0,Reguler,2084000
TRX02038,2026-01-08,Malang,Aksesoris,Casing HP,438000,3,1314000,Kredit,P,44.0,,Reguler,1029000
TRX00397,2026-01-09,Bandung,Smartphone,Smartphone Z5,7936000,3,23808000,Kredit,L,41.0,2.0,Reguler,1681000
TRX01781,2026-01-09,Malang,Laptop,Laptop ProBook,5573000,4,22292000,E-Wallet,P,39.0,3.0,Reguler,844000
TRX01270,2026-01-09,Surabaya,Smartphone,Smartphone Air,7784000,3,23352000,E-Wallet,P,38.0,4.0,Reguler,2458000
TRX01286,2026-01-09,Jakarta,Aksesoris,Powerbank 10000mAh,278000,3,834000,Debit,P,51.0,5.0,Reguler,1639000
TRX01526,2026-01-09,Surabaya,Smartphone,Smartphone Air,7320000,1,7320000,Debit,L,42.0,,Reguler,2210000
TRX01518,2026-01-09,Bandung,Smartphone,Smartphone Air,3534000,4,14136000,Debit,P,43.0,,Reguler,2738000
TRX00574,2026-01-09,Malang,Laptop,Laptop ProBook,8428000,3,25284000,Kredit,L,39.0,5.0,Reguler,786000
TRX01463,2026-01-09,Jakarta,Elektronik Rumah Tangga,Kipas Angin,1269000,4,5076000,Debit,L,43.0,4.0,Reguler,2329000
TRX01110,2026-01-09,Malang,Laptop,Laptop UltraSlim,9054000,3,27162000,Kredit,P,40.0,4.0,Reguler,2214000
TRX01806,2026-01-09,Jakarta,Smartphone,Smartphone Air,4792000,5,23960000,Debit,L,34.0,4.0,Reguler,1103000
TRX00352,2026-01-09,Jakarta,Laptop,Laptop A14,13759000,2,27518000,Debit,L,30.0,3.0,Reguler,2452000
TRX00699,2026-01-10,Surabaya,Smartphone,Smartphone MaxEdge,4910000,1,4910000,E-Wallet,P,39.0,5.0,Reguler,674000
TRX01464,2026-01-10,Surabaya,Smartphone,Smartphone Z5,6886000,5,34430000,Debit,L,31.0,3.0,Reguler,1678000
TRX00848,2026-01-10,Bandung,Aksesoris,Mouse Wireless,412000,4,1648000,Tunai,L,40.0,4.0,Reguler,910000
TRX00887,2026-01-10,Malang,Laptop,Laptop X1,10001000,4,40004000,Kredit,P,36.0,5.0,Reguler,2371000
TRX00898,2026-01-10,Surabaya,Elektronik Rumah Tangga,TV LED 32in,3057000,5,15285000,E-Wallet,L,26.0,2.0,Reguler,383000
TRX01267,2026-01-10,Malang,Aksesoris,Powerbank 10000mAh,336000,2,672000,Debit,L,31.0,3.0,Reguler,1897000
TRX01983,2026-01-10,Jakarta,Elektronik Rumah Tangga,Kipas Angin,1938000,5,9690000,Tunai,P,30.0,4.0,Reguler,2707000
TRX01453,2026-01-10,Jakarta,Smartphone,Smartphone Air,4330000,4,17320000,Debit,P,32.0,5.0,Reguler,288000
TRX01976,2026-01-10,Bandung,Aksesoris,Mouse Wireless,146000,5,730000,Kredit,L,27.0,5.0,Reguler,370000
TRX01653,2026-01-10,Jakarta,Laptop,Laptop UltraSlim,7007000,4,28028000,Kredit,P,33.0,4.0,Reguler,1834000
TRX01642,2026-01-10,Jakarta,Laptop,Laptop UltraSlim,6731000,5,33655000,Tunai,P,46.0,2.0,Reguler,697000
TRX00584,2026-01-10,Malang,Smartphone,Smartphone Air,3689000,5,18445000,Tunai,P,38.0,5.0,Reguler,991000
TRX00546,2026-01-10,Surabaya,Smartphone,Smartphone MaxEdge,3755000,4,15020000,E-Wallet,L,38.0,5.0,Reguler,2095000
TRX00150,2026-01-11,Bandung,Aksesoris,Casing HP,101000,1,101000,Debit,P,,,Reguler,891000
TRX01979,2026-01-11,Jakarta,Laptop,Laptop X1,8857000,2,17714000,Debit,L,23.0,5.0,Reguler,1558000
TRX01026,2026-01-11,Surabaya,Smartphone,Smartphone NovaLite,3656000,2,7312000,E-Wallet,L,31.0,2.0,Reguler,2089000
TRX00542,2026-01-11,Malang,Aksesoris,Casing HP,323000,2,646000,E-Wallet,L,19.0,4.0,Reguler,1344000
TRX01615,2026-01-11,Bandung,Smartphone,Smartphone Air,5847000,2,11694000,Tunai,L,31.0,4.0,Reguler,485000
TRX01801,2026-01-11,Surabaya,Smartphone,Smartphone Air,1567000,2,3134000,Tunai,L,39.0,4.0,Reguler,972000
TRX00858,2026-01-11,Malang,Laptop,Laptop A14,10199000,4,40796000,Debit,P,40.0,5.0,Reguler,1595000
TRX01470,2026-01-11,Bandung,Aksesoris,Powerbank 10000mAh,304000,3,912000,E-Wallet,P,37.0,3.0,Reguler,1378000
TRX01411,2026-01-11,Surabaya,Aksesoris,Mouse Wireless,278000,4,1112000,Debit,P,28.0,5.0,Reguler,2491000
TRX01021,2026-01-11,Malang,Aksesoris,Powerbank 10000mAh,199000,3,597000,Debit,L,31.0,4.0,Reguler,1266000
TRX01136,2026-01-11,Bandung,Smartphone,Smartphone Air,6325000,1,6325000,E-Wallet,P,37.0,4.0,Reguler,1105000
TRX01351,2026-01-11,Jakarta,Aksesoris,Mouse Wireless,448000,1,448000,Kredit,P,54.0,1.0,Reguler,2302000
TRX01889,2026-01-12,Malang,Elektronik Rumah Tangga,Rice Cooker,5545000,4,22180000,Tunai,P,40.0,4.0,Reguler,484000
TRX00619,2026-01-12,Jakarta,Aksesoris,Powerbank 10000mAh,173000,3,519000,E-Wallet,P,26.0,4.0,Reguler,614000
TRX02002,2026-01-12,Malang,Aksesoris,Earphone Bluetooth,312000,2,624000,Debit,L,30.0,5.0,Reguler,1748000
TRX01456,2026-01-12,Jakarta,Smartphone,Smartphone Air,2894000,5,14470000,Debit,P,33.0,,Reguler,356000
TRX02129,2026-01-12,Jakarta,Elektronik Rumah Tangga,TV LED 32in,3611000,3,10833000,E-Wallet,L,27.0,,Reguler,911000
TRX00279,2026-01-12,Jakarta,Aksesoris,Casing HP,197000,3,591000,E-Wallet,L,42.0,4.0,Reguler,2805000
TRX00036,2026-01-12,Surabaya,Smartphone,Smartphone Z5,3441000,5,17205000,Debit,L,32.0,5.0,Reguler,2708000
TRX01953,2026-01-13,Jakarta,Smartphone,Smartphone Z5,4653000,5,23265000,E-Wallet,L,31.0,4.0,Reguler,2938000
TRX00899,2026-01-13,Jakarta,Laptop,Laptop A14,10970000,2,21940000,Kredit,L,36.0,3.0,Reguler,1485000
TRX00045,2026-01-13,Surabaya,Smartphone,Smartphone Air,6776000,5,33880000,Tunai,L,39.0,5.0,Reguler,571000
TRX00518,2026-01-13,Surabaya,Smartphone,Smartphone MaxEdge,1810000,2,3620000,E-Wallet,P,35.0,2.0,Reguler,2394000
TRX01834,2026-01-13,Bandung,Smartphone,Smartphone Z5,6817000,3,20451000,Debit,P,,4.0,Reguler,1907000
TRX00387,2026-01-13,Bandung,Smartphone,Smartphone Air,7753000,4,31012000,Debit,P,22.0,4.0,Reguler,1781000
TRX01035,2026-01-13,Surabaya,Aksesoris,Powerbank 10000mAh,126000,3,378000,Debit,L,36.0,5.0,Reguler,693000
TRX01362,2026-01-13,Jakarta,Elektronik Rumah Tangga,Rice Cooker,5597000,2,11194000,Debit,P,31.0,5.0,Reguler,802000
TRX01769,2026-01-13,Bandung,Smartphone,Smartphone NovaLite,7586000,3,22758000,Kredit,P,,4.0,Reguler,1002000
TRX01022,2026-01-14,Malang,Smartphone,Smartphone Z5,7547000,5,37735000,Debit,P,54.0,4.0,Reguler,235000
TRX00069,2026-01-14,Jakarta,Laptop,Laptop A14,7641000,1,7641000,Debit,L,24.0,4.0,Reguler,2026000
TRX01215,2026-01-14,Surabaya,Laptop,Laptop A14,10690000,3,32070000,Tunai,L,,4.0,Reguler,1549000
TRX00659,2026-01-14,Bandung,Laptop,Laptop X1,8108000,4,32432000,Debit,L,,2.0,Reguler,2907000
TRX01911,2026-01-14,Malang,Smartphone,Smartphone Air,1933000,1,1933000,Kredit,P,26.0,4.0,Reguler,2022000
TRX01055,2026-01-14,Jakarta,Elektronik Rumah Tangga,Rice Cooker,3878000,1,3878000,E-Wallet,P,38.0,5.0,Reguler,1310000
TRX01253,2026-01-14,Malang,Laptop,Laptop A14,6232000,3,18696000,Debit,P,27.0,4.0,Reguler,2843000
TRX02025,2026-01-14,Malang,Laptop,Laptop X1,5174000,3,15522000,Debit,P,,4.0,Reguler,1676000
TRX00439,2026-01-15,Jakarta,Aksesoris,Powerbank 10000mAh,390000,3,1170000,Debit,P,21.0,4.0,Reguler,1737000
TRX01361,2026-01-15,Bandung,Aksesoris,Casing HP,396000,5,1980000,Debit,L,18.0,,Reguler,2275000
TRX01027,2026-01-15,Surabaya,Laptop,Laptop A14,9974000,1,9974000,E-Wallet,L,29.0,4.0,Reguler,2960000
TRX00280,2026-01-15,Surabaya,Laptop,Laptop UltraSlim,8492000,1,8492000,Debit,L,37.0,,Reguler,1394000
TRX00127,2026-01-15,Surabaya,Laptop,Laptop A14,10975000,2,21950000,Debit,L,23.0,4.0,Reguler,1329000
TRX00217,2026-01-15,Surabaya,Aksesoris,Mouse Wireless,387000,4,1548000,Kredit,P,,5.0,Reguler,985000
TRX01096,2026-01-15,Jakarta,Smartphone,Smartphone NovaLite,6030000,2,12060000,Tunai,L,31.0,4.0,Reguler,2786000
TRX01571,2026-01-15,Jakarta,Smartphone,Smartphone Air,1583000,2,3166000,E-Wallet,L,43.0,4.0,Reguler,2397000
TRX01851,2026-01-15,Malang,Aksesoris,Mouse Wireless,136000,2,272000,Debit,P,38.0,5.0,Reguler,2188000
TRX01588,2026-01-15,Jakarta,Aksesoris,Casing HP,130000,3,390000,Debit,P,21.0,4.0,Reguler,585000
TRX01328,2026-01-16,Jakarta,Smartphone,Smartphone Z5,3540000,1,3540000,E-Wallet,P,43.0,4.0,Reguler,2764000
TRX01256,2026-01-16,Jakarta,Aksesoris,Mouse Wireless,386000,1,386000,Tunai,L,18.0,4.0,Reguler,2078000
TRX01122,2026-01-16,Surabaya,Laptop,Laptop UltraSlim,10011000,2,20022000,Debit,P,49.0,4.0,Reguler,2803000
TRX00196,2026-01-16,Surabaya,Aksesoris,Mouse Wireless,223000,3,669000,Debit,L,28.0,4.0,Reguler,2224000
TRX00246,2026-01-16,Jakarta,Smartphone,Smartphone NovaLite,1904000,4,7616000,Debit,L,,4.0,Reguler,1791000
TRX00431,2026-01-16,Surabaya,Elektronik Rumah Tangga,Kipas Angin,3645000,2,7290000,Tunai,L,23.0,4.0,Reguler,1400000
TRX00678,2026-01-16,Surabaya,Laptop,Laptop UltraSlim,7049000,2,14098000,E-Wallet,L,38.0,4.0,Reguler,964000
TRX00007,2026-01-16,Malang,Laptop,Laptop UltraSlim,5010000,1,5010000,Kredit,P,38.0,4.0,Reguler,1880000
TRX00881,2026-01-16,Bandung,Aksesoris,Powerbank 10000mAh,445000,3,1335000,Kredit,P,36.0,2.0,Reguler,583000
TRX00728,2026-01-16,Surabaya,Aksesoris,Casing HP,484000,1,484000,Kredit,L,19.0,4.0,Reguler,1388000
TRX00753,2026-01-16,Surabaya,Smartphone,Smartphone MaxEdge,2224000,3,6672000,Kredit,P,41.0,4.0,Reguler,211000
TRX00910,2026-01-17,Jakarta,Laptop,Laptop ProBook,13374000,3,40122000,Tunai,P,18.0,2.0,Reguler,2299000
TRX00581,2026-01-17,Jakarta,Aksesoris,Earphone Bluetooth,470000,1,470000,Debit,P,28.0,5.0,Reguler,1232000
TRX00695,2026-01-17,Bandung,Laptop,Laptop ProBook,8321000,4,33284000,E-Wallet,L,35.0,,Reguler,2894000
TRX02082,2026-01-17,Malang,Aksesoris,Casing HP,426000,4,1704000,Debit,L,27.0,5.0,Reguler,2841000
TRX01543,2026-01-17,Surabaya,Smartphone,Smartphone MaxEdge,1676000,3,5028000,Debit,L,36.0,3.0,Reguler,1657000
TRX01721,2026-01-17,Malang,Elektronik Rumah Tangga,Rice Cooker,1572000,3,4716000,Kredit,P,,5.0,Reguler,603000
TRX02033,2026-01-17,Malang,Laptop,Laptop ProBook,5933000,4,23732000,Kredit,P,26.0,,Reguler,470000
TRX01931,2026-01-17,Jakarta,Aksesoris,Mouse Wireless,413000,2,826000,Tunai,P,52.0,5.0,Reguler,2211000
TRX00133,2026-01-17,Malang,Elektronik Rumah Tangga,Kipas Angin,1471000,5,7355000,Kredit,L,46.0,4.0,Reguler,776000
TRX01531,2026-01-17,Malang,Smartphone,Smartphone NovaLite,5874000,2,11748000,E-Wallet,L,37.0,4.0,Reguler,1000000
TRX01809,2026-01-17,Bandung,Smartphone,Smartphone NovaLite,5764000,3,17292000,Kredit,L,35.0,,Reguler,957000
TRX00359,2026-01-17,Bandung,Elektronik Rumah Tangga,Rice Cooker,1163000,3,3489000,Debit,L,24.0,4.0,Reguler,1620000
TRX01633,2026-01-17,Surabaya,Aksesoris,Mouse Wireless,74000,5,370000,Kredit,L,36.0,4.0,Reguler,1812000
TRX00826,2026-01-17,Malang,Laptop,Laptop X1,9029000,2,18058000,Tunai,P,18.0,2.0,Reguler,2097000
TRX00033,2026-01-17,Malang,Laptop,Laptop UltraSlim,11160000,3,33480000,Tunai,L,37.0,5.0,Reguler,2121000
TRX00951,2026-01-17,Bandung,Smartphone,Smartphone MaxEdge,5253000,4,21012000,Debit,P,,4.0,Reguler,1859000
TRX00172,2026-01-17,Surabaya,Smartphone,Smartphone Z5,3091000,5,15455000,Debit,L,31.0,4.0,Reguler,208000
TRX00001,2026-01-17,Malang,Elektronik Rumah Tangga,Rice Cooker,1690000,4,6760000,Debit,L,,4.0,Reguler,2650000
TRX00010,2026-01-18,Malang,Laptop,Laptop X1,6492000,4,25968000,E-Wallet,P,54.0,3.0,Reguler,689000
TRX00376,2026-01-18,Surabaya,Elektronik Rumah Tangga,Kipas Angin,5155000,1,5155000,E-Wallet,P,46.0,,Reguler,493000
TRX00218,2026-01-18,Malang,Laptop,Laptop UltraSlim,12511000,1,12511000,Debit,L,40.0,4.0,Reguler,1135000
TRX00700,2026-01-18,Jakarta,Laptop,Laptop A14,10570000,3,31710000,Debit,P,40.0,5.0,Reguler,1643000
TRX00674,2026-01-18,Bandung,Laptop,Laptop X1,12876000,3,38628000,E-Wallet,L,21.0,3.0,Reguler,1975000
TRX00243,2026-01-18,Surabaya,Elektronik Rumah Tangga,Rice Cooker,4089000,2,8178000,Debit,P,54.0,4.0,Reguler,707000
TRX00588,2026-01-18,Surabaya,Aksesoris,Earphone Bluetooth,140000,5,700000,E-Wallet,P,26.0,4.0,Reguler,2534000
TRX00791,2026-01-18,Malang,Laptop,Laptop ProBook,14488000,1,14488000,Debit,P,43.0,5.0,Reguler,472000
TRX01690,2026-01-18,Surabaya,Laptop,Laptop UltraSlim,10088000,2,20176000,E-Wallet,P,39.0,3.0,Reguler,1640000
TRX00977,2026-01-18,Bandung,Smartphone,Smartphone Air,2198000,2,4396000,Kredit,P,34.0,4.0,Reguler,630000
TRX01842,2026-01-18,Malang,Smartphone,Smartphone MaxEdge,7217000,3,21651000,Kredit,P,47.0,4.0,Reguler,899000
TRX00087,2026-01-18,Surabaya,Smartphone,Smartphone Air,3660000,3,10980000,Tunai,P,23.0,,Reguler,1009000
TRX01788,2026-01-18,Bandung,Smartphone,Smartphone Air,6235000,2,12470000,Debit,L,26.0,4.0,Reguler,2851000
TRX00258,2026-01-19,Surabaya,Elektronik Rumah Tangga,Kulkas 2 Pintu,4387000,3,13161000,Debit,L,19.0,4.0,Reguler,930000
TRX01359,2026-01-19,Malang,Smartphone,Smartphone MaxEdge,2318000,4,9272000,E-Wallet,L,34.0,5.0,Reguler,2802000
TRX01450,2026-01-19,Malang,Laptop,Laptop UltraSlim,12702000,1,12702000,E-Wallet,L,39.0,3.0,Reguler,1050000
TRX01880,2026-01-19,Bandung,Smartphone,Smartphone MaxEdge,7198000,5,35990000,Kredit,L,40.0,5.0,Reguler,1823000
TRX00580,2026-01-19,Surabaya,Smartphone,Smartphone Air,7130000,3,21390000,Tunai,P,27.0,3.0,Reguler,1298000
TRX01436,2026-01-19,Surabaya,Aksesoris,Powerbank 10000mAh,218000,5,1090000,Debit,P,35.0,5.0,Reguler,488000
TRX01289,2026-01-19,Jakarta,Aksesoris,Earphone Bluetooth,204000,4,816000,E-Wallet,P,30.0,2.0,Reguler,2416000
TRX00891,2026-01-19,Malang,Laptop,Laptop X1,11920000,2,23840000,E-Wallet,L,25.0,5.0,Reguler,1901000
TRX01738,2026-01-19,Malang,Laptop,Laptop A14,11156000,1,11156000,Kredit,P,42.0,4.0,Reguler,1000000
TRX01730,2026-01-19,Jakarta,Laptop,Laptop UltraSlim,5137000,1,5137000,Tunai,L,26.0,4.0,Reguler,2129000
TRX00171,2026-01-20,Bandung,Smartphone,Smartphone MaxEdge,3168000,3,9504000,Debit,L,49.0,5.0,Reguler,551000
TRX00322,2026-01-20,Surabaya,Smartphone,Smartphone MaxEdge,7899000,1,7899000,E-Wallet,L,27.0,5.0,Reguler,2960000
TRX00583,2026-01-20,Jakarta,Aksesoris,Earphone Bluetooth,152000,4,608000,E-Wallet,L,33.0,4.0,Reguler,681000
TRX00516,2026-01-20,Malang,Smartphone,Smartphone Z5,6530000,2,13060000,Debit,L,30.0,5.0,Reguler,2133000
TRX00310,2026-01-20,Jakarta,Laptop,Laptop A14,6668000,2,13336000,Debit,P,22.0,,Reguler,2360000
TRX00480,2026-01-20,Bandung,Elektronik Rumah Tangga,TV LED 32in,3592000,1,3592000,Debit,L,36.0,,Reguler,361000
TRX01166,2026-01-20,Malang,Laptop,Laptop ProBook,8452000,5,42260000,Debit,L,48.0,5.0,Reguler,507000
TRX00818,2026-01-20,Jakarta,Elektronik Rumah Tangga,Kulkas 2 Pintu,3153000,2,6306000,Debit,L,43.0,5.0,Reguler,2709000
TRX01855,2026-01-20,Surabaya,Laptop,Laptop X1,8325000,1,8325000,Tunai,L,36.0,2.0,Reguler,2218000
TRX00460,2026-01-20,Bandung,Laptop,Laptop A14,10693000,4,42772000,Kredit,P,,5.0,Reguler,1007000
TRX01827,2026-01-20,Jakarta,Smartphone,Smartphone MaxEdge,5564000,5,27820000,Debit,P,32.0,4.0,Reguler,2388000
TRX01227,2026-01-20,Malang,Aksesoris,Earphone Bluetooth,459000,1,459000,Debit,P,43.0,5.0,Reguler,2727000
TRX02177,2026-01-20,Surabaya,Laptop,Laptop ProBook,12704000,4,50816000,E-Wallet,L,43.0,5.0,Reguler,1389000
TRX01272,2026-01-20,Surabaya,Elektronik Rumah Tangga,TV LED 32in,2943000,1,2943000,E-Wallet,L,49.0,2.0,Reguler,1396000
TRX01538,2026-01-21,Malang,Laptop,Laptop UltraSlim,14517000,2,29034000,E-Wallet,L,34.0,4.0,Reguler,1064000
TRX00120,2026-01-21,Malang,Elektronik Rumah Tangga,Kulkas 2 Pintu,1108000,4,4432000,E-Wallet,P,32.0,,Reguler,443000
TRX01216,2026-01-21,Malang,Smartphone,Smartphone MaxEdge,5163000,3,15489000,E-Wallet,L,25.0,2.0,Reguler,784000
TRX01579,2026-01-21,Jakarta,Smartphone,Smartphone Z5,7664000,5,38320000,Tunai,P,37.0,4.0,Reguler,1401000
TRX01489,2026-01-21,Surabaya,Laptop,Laptop A14,6201000,3,18603000,Debit,P,30.0,5.0,Reguler,874000
TRX01466,2026-01-21,Surabaya,Smartphone,Smartphone Z5,6889000,1,6889000,Tunai,P,33.0,4.0,Reguler,2283000
TRX00808,2026-01-21,Malang,Aksesoris,Earphone Bluetooth,441000,5,2205000,E-Wallet,P,32.0,2.0,Reguler,691000
TRX01020,2026-01-21,Malang,Smartphone,Smartphone Z5,5481000,2,10962000,E-Wallet,P,52.0,4.0,Reguler,1754000
TRX01484,2026-01-21,Malang,Smartphone,Smartphone Air,4332000,2,8664000,Kredit,P,33.0,4.0,Reguler,716000
TRX01321,2026-01-21,Malang,Laptop,Laptop UltraSlim,9461000,2,18922000,E-Wallet,P,23.0,4.0,Reguler,2385000
TRX00538,2026-01-21,Bandung,Laptop,Laptop ProBook,8919000,4,35676000,E-Wallet,P,38.0,4.0,Reguler,2980000
TRX01816,2026-01-21,Malang,Elektronik Rumah Tangga,Kipas Angin,3737000,2,7474000,E-Wallet,L,26.0,5.0,Reguler,212000
TRX00365,2026-01-21,Jakarta,Laptop,Laptop X1,5294000,1,5294000,Debit,L,40.0,2.0,Reguler,1207000
TRX00873,2026-01-21,Jakarta,Elektronik Rumah Tangga,Kulkas 2 Pintu,1468000,5,7340000,Debit,P,,4.0,Reguler,423000
TRX01867,2026-01-21,Surabaya,Smartphone,Smartphone Air,2897000,2,5794000,Tunai,L,50.0,4.0,Reguler,1324000
TRX00501,2026-01-21,Bandung,Laptop,Laptop A14,9483000,1,9483000,Debit,P,18.0,3.0,Reguler,1869000
TRX00778,2026-01-22,Surabaya,Smartphone,Smartphone Z5,1911000,3,5733000,Kredit,P,49.0,4.0,Reguler,2446000
TRX00726,2026-01-22,Malang,Elektronik Rumah Tangga,Kipas Angin,995000,4,3980000,Debit,L,26.0,5.0,Reguler,2748000
TRX01946,2026-01-22,Bandung,Aksesoris,Mouse Wireless,130000,5,650000,Debit,P,29.0,4.0,Reguler,2793000
TRX00313,2026-01-22,Jakarta,Aksesoris,Powerbank 10000mAh,489000,4,1956000,Tunai,P,28.0,4.0,Reguler,353000
TRX01876,2026-01-22,Jakarta,Laptop,Laptop X1,7210000,3,21630000,E-Wallet,L,30.0,,Reguler,536000
TRX00198,2026-01-22,Malang,Aksesoris,Mouse Wireless,391000,2,782000,Kredit,L,46.0,5.0,Reguler,1829000
TRX01157,2026-01-22,Bandung,Laptop,Laptop A14,7431000,3,22293000,E-Wallet,L,18.0,4.0,Reguler,2389000
TRX00724,2026-01-22,Jakarta,Elektronik Rumah Tangga,Kipas Angin,2230000,5,11150000,Debit,L,42.0,,Reguler,1323000
TRX00497,2026-01-22,Malang,Aksesoris,Earphone Bluetooth,295000,3,885000,Tunai,P,27.0,5.0,Reguler,2521000
TRX01619,2026-01-22,Malang,Elektronik Rumah Tangga,Rice Cooker,4408000,5,22040000,Debit,L,45.0,4.0,Reguler,1911000
TRX01050,2026-01-22,Malang,Aksesoris,Mouse Wireless,466000,5,2330000,Debit,L,30.0,3.0,Reguler,2718000
TRX00863,2026-01-22,Surabaya,Elektronik Rumah Tangga,Kulkas 2 Pintu,1538000,1,1538000,E-Wallet,P,18.0,2.0,Reguler,506000
TRX01343,2026-01-22,Malang,Smartphone,Smartphone NovaLite,7244000,3,21732000,E-Wallet,L,44.0,2.0,Reguler,1771000
TRX00946,2026-01-22,Malang,Smartphone,Smartphone Z5,6970000,5,34850000,Debit,L,35.0,,Reguler,2037000
TRX01605,2026-01-23,Jakarta,Aksesoris,Earphone Bluetooth,371000,3,1113000,Kredit,L,39.0,5.0,Reguler,837000
TRX01630,2026-01-23,Bandung,Smartphone,Smartphone NovaLite,4147000,1,4147000,E-Wallet,L,43.0,5.0,Reguler,2122000
TRX00436,2026-01-23,Surabaya,Elektronik Rumah Tangga,TV LED 32in,920000,1,920000,Debit,L,37.0,5.0,Reguler,2461000
TRX00418,2026-01-23,Bandung,Aksesoris,Earphone Bluetooth,143000,2,286000,E-Wallet,P,21.0,5.0,Reguler,509000
TRX00386,2026-01-23,Malang,Laptop,Laptop UltraSlim,7636000,2,15272000,Debit,P,30.0,3.0,Reguler,1564000
TRX00783,2026-01-23,Surabaya,Aksesoris,Earphone Bluetooth,458000,3,1374000,Tunai,L,42.0,,Reguler,864000
TRX01610,2026-01-23,Jakarta,Laptop,Laptop A14,9910000,4,39640000,Kredit,L,30.0,5.0,Reguler,1975000
TRX02080,2026-01-23,Surabaya,Aksesoris,Mouse Wireless,107000,1,107000,E-Wallet,P,34.0,,Reguler,936000
TRX00784,2026-01-23,Jakarta,Smartphone,Smartphone MaxEdge,5447000,5,27235000,Kredit,L,27.0,5.0,Reguler,1976000
TRX00874,2026-01-23,Surabaya,Smartphone,Smartphone Air,2095000,2,4190000,Debit,L,,4.0,Reguler,2352000
TRX00157,2026-01-23,Jakarta,Elektronik Rumah Tangga,TV LED 32in,5838000,2,11676000,E-Wallet,L,44.0,3.0,Reguler,1159000
TRX01928,2026-01-23,Bandung,Laptop,Laptop X1,8012000,2,16024000,Tunai,L,,4.0,Reguler,1774000
TRX01238,2026-01-23,Surabaya,Elektronik Rumah Tangga,TV LED 32in,4205000,3,12615000,E-Wallet,L,40.0,4.0,Reguler,1037000
TRX01926,2026-01-24,Malang,Smartphone,Smartphone Z5,3769000,4,15076000,Debit,L,27.0,4.0,Reguler,583000
TRX00018,2026-01-24,Jakarta,Laptop,Laptop UltraSlim,12108000,1,12108000,Debit,L,29.0,4.0,Reguler,835000
TRX00074,2026-01-24,Jakarta,Laptop,Laptop A14,6602000,2,13204000,Debit,P,33.0,,Reguler,2517000
TRX00670,2026-01-24,Jakarta,Laptop,Laptop ProBook,6226000,5,31130000,E-Wallet,P,40.0,3.0,Reguler,2625000
TRX00759,2026-01-24,Malang,Smartphone,Smartphone NovaLite,7104000,1,7104000,Debit,L,31.0,4.0,Reguler,915000
TRX01776,2026-01-24,Malang,Laptop,Laptop A14,14361000,2,28722000,E-Wallet,L,,,Reguler,947000
TRX01005,2026-01-24,Jakarta,Laptop,Laptop ProBook,6577000,4,26308000,Debit,L,31.0,4.0,Reguler,2986000
TRX02006,2026-01-24,Jakarta,Aksesoris,Casing HP,414000,4,1656000,E-Wallet,P,27.0,3.0,Reguler,403000
TRX01805,2026-01-24,Surabaya,Aksesoris,Earphone Bluetooth,58000,2,116000,Kredit,L,18.0,3.0,Reguler,962000
TRX00945,2026-01-24,Bandung,Aksesoris,Mouse Wireless,213000,3,639000,E-Wallet,L,28.0,5.0,Reguler,2895000
TRX02085,2026-01-24,Malang,Laptop,Laptop UltraSlim,12926000,4,51704000,Debit,L,22.0,4.0,Reguler,2392000
TRX00705,2026-01-24,Jakarta,Smartphone,Smartphone NovaLite,3836000,5,19180000,Tunai,L,25.0,4.0,Reguler,2610000
TRX02104,2026-01-24,Jakarta,Laptop,Laptop UltraSlim,9595000,3,28785000,E-Wallet,P,27.0,3.0,Reguler,2592000
TRX00443,2026-01-24,Surabaya,Elektronik Rumah Tangga,TV LED 32in,1116000,4,4464000,E-Wallet,P,28.0,5.0,Reguler,2951000
TRX00434,2026-01-24,Jakarta,Smartphone,Smartphone NovaLite,5952000,2,11904000,Debit,P,40.0,4.0,Reguler,2254000
TRX00221,2026-01-24,Surabaya,Smartphone,Smartphone Air,6103000,2,12206000,E-Wallet,L,38.0,4.0,Reguler,1271000
TRX01645,2026-01-24,Surabaya,Smartphone,Smartphone Air,6972000,4,27888000,Debit,L,59.0,2.0,Reguler,2042000
TRX00414,2026-01-24,Jakarta,Aksesoris,Earphone Bluetooth,216000,2,432000,Debit,L,18.0,4.0,Reguler,2891000
TRX00604,2026-01-25,Jakarta,Smartphone,Smartphone NovaLite,4922000,3,14766000,E-Wallet,L,18.0,5.0,Reguler,902000
TRX01836,2026-01-25,Surabaya,Smartphone,Smartphone Air,4322000,4,17288000,Debit,L,35.0,5.0,Reguler,2655000
TRX01342,2026-01-25,Malang,Laptop,Laptop X1,8393000,2,16786000,E-Wallet,L,,4.0,Reguler,1876000
TRX00823,2026-01-25,Surabaya,Elektronik Rumah Tangga,Kulkas 2 Pintu,5279000,4,21116000,Debit,P,20.0,4.0,Reguler,2580000
TRX01819,2026-01-25,Malang,Laptop,Laptop A14,14559000,3,43677000,Tunai,L,,5.0,Reguler,1427000
TRX00948,2026-01-25,Surabaya,Laptop,Laptop UltraSlim,13197000,2,26394000,Kredit,L,37.0,,Reguler,777000
TRX01358,2026-01-25,Malang,Laptop,Laptop ProBook,13934000,4,55736000,Debit,L,18.0,5.0,Reguler,570000
TRX00682,2026-01-25,Jakarta,Smartphone,Smartphone NovaLite,3680000,2,7360000,Tunai,P,26.0,3.0,Reguler,2934000
TRX01895,2026-01-25,Surabaya,Elektronik Rumah Tangga,Kulkas 2 Pintu,5615000,4,22460000,Kredit,P,49.0,4.0,Reguler,2980000
TRX00241,2026-01-26,Malang,Elektronik Rumah Tangga,Kipas Angin,4259000,4,17036000,Debit,L,34.0,5.0,Reguler,1493000
TRX00462,2026-01-26,Jakarta,Smartphone,Smartphone MaxEdge,2186000,3,6558000,Tunai,L,52.0,5.0,Reguler,1363000
TRX00118,2026-01-26,Surabaya,Aksesoris,Casing HP,83000,5,415000,Debit,P,,1.0,Reguler,1492000
TRX00100,2026-01-26,Jakarta,Aksesoris,Mouse Wireless,379000,5,1895000,Debit,P,24.0,4.0,Reguler,992000
TRX00329,2026-01-26,Jakarta,Aksesoris,Mouse Wireless,223000,1,223000,Kredit,L,26.0,5.0,Reguler,823000
TRX01090,2026-01-26,Bandung,Smartphone,Smartphone NovaLite,3279000,5,16395000,E-Wallet,P,45.0,4.0,Reguler,2240000
TRX02108,2026-01-26,Malang,Laptop,Laptop A14,6651000,2,13302000,E-Wallet,P,44.0,2.0,Reguler,2499000
TRX00620,2026-01-26,Jakarta,Smartphone,Smartphone MaxEdge,2247000,1,2247000,Debit,L,26.0,3.0,Reguler,258000
TRX01187,2026-01-26,Bandung,Aksesoris,Casing HP,451000,4,1804000,E-Wallet,L,,5.0,Reguler,1683000
TRX00721,2026-01-26,Bandung,Laptop,Laptop X1,12040000,3,36120000,E-Wallet,P,25.0,1.0,Reguler,366000
TRX01528,2026-01-26,Surabaya,Smartphone,Smartphone NovaLite,6674000,1,6674000,Tunai,P,39.0,3.0,Reguler,1114000
TRX00834,2026-01-26,Jakarta,Smartphone,Smartphone Air,7499000,5,37495000,E-Wallet,L,28.0,4.0,Reguler,1577000
TRX00306,2026-01-26,Malang,Laptop,Laptop ProBook,10022000,3,30066000,Debit,L,29.0,4.0,Reguler,2251000
TRX00769,2026-01-26,Surabaya,Elektronik Rumah Tangga,Kipas Angin,1139000,4,4556000,E-Wallet,L,30.0,3.0,Reguler,1175000
TRX01445,2026-01-26,Surabaya,Laptop,Laptop ProBook,5551000,1,5551000,Debit,P,36.0,5.0,Reguler,2364000
TRX01963,2026-01-26,Malang,Laptop,Laptop A14,5040000,3,15120000,Kredit,L,18.0,3.0,Reguler,535000
TRX00408,2026-01-27,Surabaya,Aksesoris,Mouse Wireless,352000,2,704000,E-Wallet,P,39.0,3.0,Reguler,1300000
TRX00457,2026-01-27,Bandung,Smartphone,Smartphone NovaLite,1912000,5,9560000,Debit,P,24.0,3.0,Reguler,2809000
TRX00256,2026-01-27,Malang,Aksesoris,Casing HP,59000,3,177000,Debit,P,40.0,5.0,Reguler,2019000
TRX01935,2026-01-27,Bandung,Aksesoris,Mouse Wireless,468000,4,1872000,Debit,P,34.0,,Reguler,308000
TRX00522,2026-01-27,Surabaya,Aksesoris,Mouse Wireless,232000,4,928000,E-Wallet,L,32.0,4.0,Reguler,814000
TRX00938,2026-01-27,Malang,Elektronik Rumah Tangga,Kulkas 2 Pintu,1535000,1,1535000,E-Wallet,L,33.0,5.0,Reguler,2188000
TRX01612,2026-01-27,Malang,Smartphone,Smartphone Air,4253000,5,21265000,Debit,P,39.0,5.0,Reguler,2348000
TRX01607,2026-01-27,Bandung,Elektronik Rumah Tangga,TV LED 32in,5729000,4,22916000,E-Wallet,P,18.0,5.0,Reguler,2445000
TRX00975,2026-01-27,Surabaya,Laptop,Laptop X1,10107000,3,30321000,Kredit,L,23.0,2.0,Reguler,336000
TRX01063,2026-01-27,Surabaya,Aksesoris,Earphone Bluetooth,426000,2,852000,Debit,P,24.0,4.0,Reguler,2653000
TRX00528,2026-01-27,Malang,Smartphone,Smartphone Z5,3642000,3,10926000,E-Wallet,P,26.0,4.0,Reguler,2085000
TRX00924,2026-01-27,Malang,Laptop,Laptop UltraSlim,9278000,4,37112000,Debit,L,49.0,5.0,Reguler,1850000
TRX00752,2026-01-27,Bandung,Aksesoris,Casing HP,376000,5,1880000,Kredit,L,20.0,4.0,Reguler,939000
TRX01575,2026-01-27,Surabaya,Smartphone,Smartphone Air,3613000,4,14452000,Debit,P,28.0,5.0,Reguler,1546000
TRX01046,2026-01-28,Bandung,Elektronik Rumah Tangga,Kipas Angin,3130000,4,12520000,Debit,P,18.0,5.0,Reguler,2440000
TRX00357,2026-01-28,Malang,Laptop,Laptop UltraSlim,6857000,1,6857000,Kredit,L,26.0,2.0,Reguler,2141000
TRX00182,2026-01-28,Surabaya,Aksesoris,Earphone Bluetooth,421000,3,1263000,Kredit,L,26.0,5.0,Reguler,2681000
TRX01481,2026-01-28,Malang,Smartphone,Smartphone NovaLite,2111000,5,10555000,Kredit,L,56.0,,Reguler,1238000
TRX01970,2026-01-28,Surabaya,Smartphone,Smartphone Z5,4258000,1,4258000,Debit,P,,3.0,Reguler,2222000
TRX00536,2026-01-28,Surabaya,Smartphone,Smartphone Air,1557000,1,1557000,Tunai,P,44.0,4.0,Reguler,2149000
TRX01537,2026-01-28,Surabaya,Laptop,Laptop UltraSlim,10649000,4,42596000,Tunai,P,46.0,,Reguler,1217000
TRX00058,2026-01-28,Malang,Smartphone,Smartphone Z5,2507000,1,2507000,E-Wallet,L,18.0,4.0,Reguler,694000
TRX01104,2026-01-28,Malang,Smartphone,Smartphone Z5,3418000,2,6836000,Tunai,L,32.0,5.0,Reguler,470000
TRX01524,2026-01-28,Bandung,Aksesoris,Powerbank 10000mAh,185000,1,185000,Tunai,L,26.0,4.0,Reguler,553000
TRX01229,2026-01-28,Surabaya,Laptop,Laptop X1,14842000,5,74210000,E-Wallet,L,22.0,4.0,Reguler,634000
TRX02008,2026-01-28,Jakarta,Smartphone,Smartphone MaxEdge,5840000,1,5840000,Kredit,P,27.0,3.0,Reguler,2670000
TRX01677,2026-01-28,Jakarta,Smartphone,Smartphone NovaLite,6318000,2,12636000,Debit,L,29.0,5.0,Reguler,1785000
TRX00390,2026-01-28,Surabaya,Smartphone,Smartphone MaxEdge,7856000,2,15712000,E-Wallet,P,27.0,4.0,Reguler,2304000
TRX01698,2026-01-28,Surabaya,Smartphone,Smartphone MaxEdge,5599000,5,27995000,Kredit,P,22.0,5.0,Reguler,2150000
TRX02013,2026-01-28,Jakarta,Smartphone,Smartphone MaxEdge,4817000,1,4817000,Kredit,P,18.0,2.0,Reguler,2216000
TRX02063,2026-01-28,Malang,Laptop,Laptop ProBook,5930000,1,5930000,Kredit,P,48.0,,Reguler,730000
TRX00961,2026-01-28,Bandung,Elektronik Rumah Tangga,Rice Cooker,4436000,3,13308000,E-Wallet,L,33.0,4.0,Reguler,1103000
TRX00273,2026-01-28,Surabaya,Smartphone,Smartphone Z5,6171000,4,24684000,E-Wallet,L,32.0,,Reguler,2811000
TRX01947,2026-01-29,Surabaya,Smartphone,Smartphone Z5,2692000,2,5384000,Kredit,P,24.0,5.0,Reguler,1052000
TRX00937,2026-01-29,Bandung,Smartphone,Smartphone Z5,7859000,2,15718000,Debit,L,38.0,5.0,Reguler,1639000
TRX01655,2026-01-29,Bandung,Laptop,Laptop UltraSlim,8302000,4,33208000,Kredit,L,31.0,4.0,Reguler,481000
TRX00884,2026-01-29,Malang,Smartphone,Smartphone MaxEdge,2096000,2,4192000,Debit,L,34.0,2.0,Reguler,2616000
TRX01406,2026-01-29,Malang,Smartphone,Smartphone MaxEdge,4947000,2,9894000,Debit,P,40.0,4.0,Reguler,2768000
TRX00847,2026-01-29,Malang,Laptop,Laptop X1,13477000,3,40431000,Kredit,P,43.0,5.0,Reguler,999000
TRX01695,2026-01-29,Jakarta,Smartphone,Smartphone Z5,3641000,5,18205000,Debit,P,39.0,5.0,Reguler,1128000
TRX00750,2026-01-29,Jakarta,Aksesoris,Earphone Bluetooth,401000,3,1203000,Tunai,L,29.0,4.0,Reguler,1619000
TRX00533,2026-01-29,Jakarta,Smartphone,Smartphone MaxEdge,5379000,5,26895000,Debit,L,39.0,5.0,Reguler,289000
TRX00041,2026-01-30,Surabaya,Smartphone,Smartphone MaxEdge,7420000,2,14840000,Debit,P,42.0,4.0,Reguler,1357000
TRX01936,2026-01-30,Jakarta,Aksesoris,Mouse Wireless,425000,1,425000,E-Wallet,L,30.0,4.0,Reguler,1618000
TRX00287,2026-01-30,Jakarta,Smartphone,Smartphone Air,6962000,2,13924000,Tunai,P,45.0,4.0,Reguler,609000
TRX01908,2026-01-30,Malang,Elektronik Rumah Tangga,TV LED 32in,1536000,2,3072000,Debit,P,32.0,4.0,Reguler,2604000
TRX01487,2026-01-30,Surabaya,Smartphone,Smartphone Z5,5890000,5,29450000,E-Wallet,P,28.0,4.0,Reguler,1891000
TRX00623,2026-01-30,Jakarta,Smartphone,Smartphone NovaLite,5753000,1,5753000,Tunai,L,22.0,2.0,Reguler,1754000
TRX01778,2026-01-30,Surabaya,Laptop,Laptop UltraSlim,11950000,1,11950000,Tunai,P,44.0,4.0,Reguler,863000
TRX00532,2026-01-30,Bandung,Aksesoris,Powerbank 10000mAh,372000,5,1860000,E-Wallet,P,30.0,4.0,Reguler,1988000
TRX00178,2026-01-30,Malang,Elektronik Rumah Tangga,Rice Cooker,5785000,3,17355000,Tunai,P,30.0,4.0,Reguler,2674000
TRX01637,2026-01-30,Malang,Smartphone,Smartphone MaxEdge,4343000,4,17372000,Kredit,L,39.0,3.0,Reguler,1653000
TRX00083,2026-01-30,Malang,Elektronik Rumah Tangga,Kipas Angin,1944000,2,3888000,E-Wallet,L,38.0,,Reguler,2382000
TRX01556,2026-01-30,Bandung,Elektronik Rumah Tangga,TV LED 32in,2126000,2,4252000,E-Wallet,P,46.0,3.0,Reguler,1427000
TRX01854,2026-01-30,Bandung,Laptop,Laptop X1,14491000,4,57964000,Kredit,P,,3.0,Reguler,712000
TRX01076,2026-01-30,Surabaya,Laptop,Laptop ProBook,7906000,1,7906000,Kredit,L,,5.0,Reguler,1104000
TRX01941,2026-01-30,Surabaya,Laptop,Laptop A14,12662000,3,37986000,E-Wallet,L,18.0,5.0,Reguler,2650000
TRX00350,2026-01-30,Malang,Elektronik Rumah Tangga,Kipas Angin,2770000,2,5540000,Debit,P,30.0,5.0,Reguler,1714000
TRX02095,2026-01-30,Jakarta,Smartphone,Smartphone MaxEdge,3751000,1,3751000,Debit,P,42.0,4.0,Reguler,335000
TRX01596,2026-01-30,Malang,Smartphone,Smartphone MaxEdge,6468000,1,6468000,Debit,L,,4.0,Reguler,831000
TRX01850,2026-01-30,Bandung,Smartphone,Smartphone Z5,5831000,2,11662000,Tunai,P,41.0,5.0,Reguler,772000
TRX00467,2026-01-31,Malang,Smartphone,Smartphone Z5,6116000,4,24464000,Debit,P,30.0,5.0,Reguler,2264000
TRX00703,2026-01-31,Malang,Elektronik Rumah Tangga,Kipas Angin,988000,4,3952000,E-Wallet,P,35.0,3.0,Reguler,2930000
TRX01433,2026-01-31,Jakarta,Smartphone,Smartphone NovaLite,6581000,1,6581000,Kredit,P,39.0,5.0,Reguler,2584000
TRX01078,2026-01-31,Jakarta,Laptop,Laptop ProBook,8905000,2,17810000,E-Wallet,P,34.0,4.0,Reguler,1616000
TRX01193,2026-01-31,Jakarta,Elektronik Rumah Tangga,TV LED 32in,4343000,3,13029000,Debit,P,41.0,3.0,Reguler,1030000
TRX00685,2026-01-31,Malang,Smartphone,Smartphone NovaLite,2318000,1,2318000,Kredit,L,31.0,5.0,Reguler,1875000
TRX02200,2026-01-31,Malang,Smartphone,Smartphone NovaLite,1811000,5,9055000,E-Wallet,L,18.0,5.0,Reguler,816000
TRX00168,2026-01-31,Bandung,Smartphone,Smartphone NovaLite,6004000,3,18012000,Debit,P,23.0,5.0,Reguler,1177000
TRX00262,2026-01-31,Surabaya,Smartphone,Smartphone NovaLite,2628000,1,2628000,Kredit,P,34.0,5.0,Reguler,2044000
TRX00187,2026-01-31,Surabaya,Aksesoris,Earphone Bluetooth,427000,4,1708000,Debit,L,25.0,4.0,Reguler,1458000
TRX01616,2026-02-01,Malang,Aksesoris,Earphone Bluetooth,143000,1,143000,Kredit,L,27.0,5.0,Reguler,2318000
TRX00661,2026-02-01,Surabaya,Smartphone,Smartphone Z5,4416000,3,13248000,Kredit,L,39.0,5.0,Reguler,1589000
TRX02103,2026-02-01,Bandung,Smartphone,Smartphone Z5,2698000,3,8094000,Kredit,P,36.0,4.0,Reguler,1717000
TRX00761,2026-02-01,Surabaya,Elektronik Rumah Tangga,Kipas Angin,1824000,5,9120000,Kredit,P,44.0,2.0,Reguler,2428000
TRX00259,2026-02-01,Jakarta,Aksesoris,Earphone Bluetooth,123000,3,369000,Kredit,L,30.0,4.0,Reguler,1751000
TRX00411,2026-02-01,Malang,Elektronik Rumah Tangga,Kipas Angin,2875000,1,2875000,E-Wallet,P,57.0,4.0,Reguler,2445000
TRX00908,2026-02-01,Malang,Laptop,Laptop A14,8368000,3,25104000,Debit,P,34.0,5.0,Reguler,1099000
TRX02147,2026-02-01,Surabaya,Aksesoris,Casing HP,53000,4,212000,Debit,L,18.0,4.0,Reguler,2995000
TRX00230,2026-02-01,Malang,Smartphone,Smartphone MaxEdge,7115000,3,21345000,Kredit,L,18.0,5.0,Reguler,1876000
TRX01032,2026-02-01,Jakarta,Elektronik Rumah Tangga,Rice Cooker,4427000,3,13281000,E-Wallet,P,39.0,2.0,Reguler,553000
TRX00544,2026-02-01,Malang,Aksesoris,Casing HP,336000,5,1680000,E-Wallet,P,37.0,5.0,Reguler,2600000
TRX02051,2026-02-01,Malang,Elektronik Rumah Tangga,Rice Cooker,5340000,1,5340000,E-Wallet,P,25.0,5.0,Reguler,2366000
TRX00704,2026-02-01,Jakarta,Laptop,Laptop UltraSlim,14365000,5,71825000,E-Wallet,L,36.0,4.0,Reguler,1115000
TRX00349,2026-02-02,Jakarta,Laptop,Laptop A14,13736000,4,54944000,Kredit,P,44.0,5.0,Reguler,1025000
TRX01702,2026-02-02,Surabaya,Aksesoris,Earphone Bluetooth,273000,1,273000,Debit,P,30.0,4.0,Reguler,2174000
TRX01886,2026-02-02,Malang,Elektronik Rumah Tangga,Rice Cooker,3248000,1,3248000,Debit,L,47.0,3.0,Reguler,2298000
TRX01883,2026-02-02,Malang,Laptop,Laptop X1,6487000,4,25948000,Tunai,P,33.0,4.0,Reguler,2525000
TRX01405,2026-02-02,Malang,Laptop,Laptop ProBook,11566000,3,34698000,Debit,L,33.0,3.0,Reguler,274000
TRX00392,2026-02-02,Jakarta,Aksesoris,Casing HP,340000,1,340000,Debit,L,41.0,5.0,Reguler,2830000
TRX01106,2026-02-02,Surabaya,Smartphone,Smartphone Air,7091000,1,7091000,Debit,P,49.0,4.0,Reguler,2846000
TRX00251,2026-02-02,Jakarta,Elektronik Rumah Tangga,Kulkas 2 Pintu,1507000,4,6028000,E-Wallet,L,49.0,3.0,Reguler,1382000
TRX01174,2026-02-02,Jakarta,Laptop,Laptop A14,7698000,4,30792000,Debit,L,47.0,2.0,Reguler,2309000
TRX00469,2026-02-02,Surabaya,Aksesoris,Mouse Wireless,454000,2,908000,E-Wallet,L,29.0,5.0,Reguler,1958000
TRX00564,2026-02-02,Malang,Smartphone,Smartphone MaxEdge,6349000,4,25396000,Debit,P,34.0,5.0,Reguler,1499000
TRX02032,2026-02-02,Bandung,Aksesoris,Mouse Wireless,56000,5,280000,E-Wallet,P,26.0,5.0,Reguler,2320000
TRX01663,2026-02-03,Malang,Smartphone,Smartphone Z5,3921000,2,7842000,Kredit,P,47.0,5.0,Reguler,2734000
TRX01929,2026-02-03,Jakarta,Laptop,Laptop ProBook,8566000,1,8566000,Kredit,P,37.0,4.0,Reguler,2972000
TRX00023,2026-02-03,Jakarta,Aksesoris,Mouse Wireless,330000,2,660000,Debit,L,,2.0,Reguler,1417000
TRX01639,2026-02-03,Jakarta,Aksesoris,Mouse Wireless,112000,5,560000,Tunai,L,46.0,4.0,Reguler,2955000
TRX01891,2026-02-03,Jakarta,Aksesoris,Earphone Bluetooth,51000,3,153000,E-Wallet,L,23.0,5.0,Reguler,2163000
TRX01960,2026-02-03,Malang,Laptop,Laptop A14,8055000,3,24165000,E-Wallet,P,40.0,4.0,Reguler,1227000
TRX00635,2026-02-03,Bandung,Smartphone,Smartphone Z5,6706000,2,13412000,E-Wallet,P,25.0,4.0,Reguler,335000
TRX01432,2026-02-03,Jakarta,Elektronik Rumah Tangga,TV LED 32in,3345000,1,3345000,Tunai,L,32.0,1.0,Reguler,2341000
TRX01326,2026-02-03,Jakarta,Aksesoris,Earphone Bluetooth,464000,2,928000,E-Wallet,L,29.0,4.0,Reguler,2266000
TRX00912,2026-02-03,Malang,Smartphone,Smartphone MaxEdge,3383000,4,13532000,E-Wallet,P,43.0,4.0,Reguler,1202000
TRX01798,2026-02-03,Malang,Aksesoris,Earphone Bluetooth,329000,1,329000,Tunai,P,45.0,4.0,Reguler,279000
TRX01345,2026-02-03,Surabaya,Smartphone,Smartphone Air,4250000,5,21250000,Kredit,L,40.0,3.0,Reguler,2466000
TRX00253,2026-02-04,Malang,Smartphone,Smartphone Z5,5405000,4,21620000,E-Wallet,P,46.0,5.0,Reguler,1820000
TRX02071,2026-02-04,Bandung,Laptop,Laptop X1,11992000,2,23984000,Kredit,P,,5.0,Reguler,1633000
TRX01651,2026-02-04,Malang,Laptop,Laptop UltraSlim,14564000,5,72820000,Tunai,P,32.0,5.0,Reguler,2900000
TRX00888,2026-02-04,Jakarta,Laptop,Laptop UltraSlim,7597000,5,37985000,Kredit,P,35.0,3.0,Reguler,1330000
TRX01523,2026-02-04,Malang,Aksesoris,Mouse Wireless,344000,3,1032000,E-Wallet,L,,4.0,Reguler,1094000
TRX01178,2026-02-04,Malang,Laptop,Laptop A14,13285000,2,26570000,Kredit,L,27.0,4.0,Reguler,1913000
TRX00072,2026-02-04,Jakarta,Laptop,Laptop A14,7406000,4,29624000,Debit,P,29.0,,Reguler,2438000
TRX01534,2026-02-04,Jakarta,Aksesoris,Powerbank 10000mAh,146000,5,730000,E-Wallet,P,51.0,5.0,Reguler,2166000
TRX00523,2026-02-04,Jakarta,Smartphone,Smartphone NovaLite,6357000,3,19071000,Debit,P,,1.0,Reguler,1165000
TRX01113,2026-02-04,Bandung,Aksesoris,Powerbank 10000mAh,95000,4,380000,Debit,P,24.0,4.0,Reguler,1879000
TRX00543,2026-02-05,Surabaya,Aksesoris,Casing HP,226000,3,678000,E-Wallet,L,24.0,5.0,Reguler,2403000
TRX00052,2026-02-05,Bandung,Laptop,Laptop ProBook,11533000,4,46132000,Kredit,L,28.0,5.0,Reguler,1635000
TRX02094,2026-02-05,Jakarta,Smartphone,Smartphone Air,7469000,5,37345000,Tunai,P,20.0,4.0,Reguler,851000
TRX00993,2026-02-05,Surabaya,Laptop,Laptop X1,13570000,4,54280000,Debit,L,34.0,5.0,Reguler,367000
TRX01770,2026-02-05,Malang,Smartphone,Smartphone Z5,5932000,1,5932000,E-Wallet,L,38.0,5.0,Reguler,471000
TRX00838,2026-02-05,Jakarta,Elektronik Rumah Tangga,Kulkas 2 Pintu,2556000,5,12780000,Debit,L,35.0,3.0,Reguler,2192000
TRX01787,2026-02-05,Malang,Aksesoris,Powerbank 10000mAh,118000,4,472000,E-Wallet,L,21.0,5.0,Reguler,432000
TRX00398,2026-02-05,Jakarta,Laptop,Laptop ProBook,6990000,5,34950000,Tunai,L,23.0,5.0,Reguler,2158000
TRX01115,2026-02-05,Bandung,Smartphone,Smartphone Air,1517000,3,4551000,Kredit,L,34.0,5.0,Reguler,337000
TRX01796,2026-02-06,Malang,Smartphone,Smartphone Z5,2270000,2,4540000,Debit,P,48.0,4.0,Reguler,210000
TRX01704,2026-02-06,Surabaya,Laptop,Laptop X1,12861000,1,12861000,Tunai,P,39.0,4.0,Reguler,1423000
TRX01740,2026-02-06,Malang,Aksesoris,Casing HP,210000,4,840000,E-Wallet,L,52.0,5.0,Reguler,2422000
TRX00872,2026-02-06,Bandung,Aksesoris,Casing HP,350000,5,1750000,Kredit,P,21.0,3.0,Reguler,1624000
TRX01085,2026-02-06,Surabaya,Aksesoris,Mouse Wireless,386000,4,1544000,E-Wallet,P,35.0,4.0,Reguler,1299000
TRX00339,2026-02-06,Bandung,Aksesoris,Casing HP,241000,2,482000,E-Wallet,P,29.0,2.0,Reguler,1712000
TRX01364,2026-02-06,Surabaya,Laptop,Laptop A14,13775000,3,41325000,Debit,P,35.0,3.0,Reguler,2155000
TRX00224,2026-02-06,Jakarta,Smartphone,Smartphone NovaLite,7409000,2,14818000,Tunai,P,28.0,4.0,Reguler,1309000
TRX00426,2026-02-06,Malang,Aksesoris,Earphone Bluetooth,276000,2,552000,Debit,L,39.0,4.0,Reguler,2762000
TRX00102,2026-02-06,Surabaya,Aksesoris,Casing HP,203000,3,609000,Kredit,P,32.0,,Reguler,1887000
TRX00664,2026-02-06,Malang,Smartphone,Smartphone MaxEdge,2699000,5,13495000,Debit,L,21.0,4.0,Reguler,2537000
TRX00009,2026-02-06,Bandung,Smartphone,Smartphone Z5,3776000,4,15104000,Debit,L,32.0,,Reguler,1048000
TRX02116,2026-02-06,Jakarta,Smartphone,Smartphone MaxEdge,5261000,4,21044000,Tunai,P,44.0,4.0,Reguler,849000
TRX00653,2026-02-06,Bandung,Elektronik Rumah Tangga,TV LED 32in,4670000,2,9340000,Tunai,P,29.0,5.0,Reguler,501000
TRX01940,2026-02-07,Jakarta,Smartphone,Smartphone Z5,3809000,1,3809000,Debit,P,39.0,2.0,Reguler,287000
TRX01474,2026-02-07,Jakarta,Smartphone,Smartphone Z5,7875000,1,7875000,Debit,P,48.0,4.0,Reguler,2435000
TRX01072,2026-02-07,Malang,Laptop,Laptop A14,5044000,5,25220000,E-Wallet,P,35.0,5.0,Reguler,1626000
TRX01872,2026-02-07,Jakarta,Aksesoris,Powerbank 10000mAh,64000,2,128000,Tunai,P,34.0,5.0,Reguler,1385000
TRX00735,2026-02-07,Malang,Laptop,Laptop A14,12032000,1,12032000,E-Wallet,L,37.0,4.0,Reguler,1803000
TRX01988,2026-02-08,Surabaya,Smartphone,Smartphone NovaLite,3535000,4,14140000,Kredit,L,44.0,5.0,Reguler,560000
TRX01989,2026-02-08,Surabaya,Smartphone,Smartphone NovaLite,2372000,3,7116000,E-Wallet,L,33.0,2.0,Reguler,2905000
TRX01745,2026-02-08,Malang,Laptop,Laptop ProBook,14943000,4,59772000,E-Wallet,P,31.0,3.0,Reguler,629000
TRX01710,2026-02-08,Malang,Smartphone,Smartphone Z5,2648000,3,7944000,Tunai,P,30.0,5.0,Reguler,1259000
TRX00142,2026-02-08,Surabaya,Laptop,Laptop UltraSlim,11694000,3,35082000,Debit,L,28.0,1.0,Reguler,520000
TRX01395,2026-02-09,Bandung,Smartphone,Smartphone MaxEdge,6295000,3,18885000,E-Wallet,L,23.0,,Reguler,1999000
TRX02194,2026-02-09,Surabaya,Smartphone,Smartphone Air,5280000,1,5280000,E-Wallet,L,23.0,3.0,Reguler,2253000
TRX00903,2026-02-09,Bandung,Laptop,Laptop UltraSlim,11143000,1,11143000,Debit,L,27.0,4.0,Reguler,1636000
TRX00964,2026-02-09,Malang,Aksesoris,Earphone Bluetooth,383000,4,1532000,Debit,P,25.0,,Reguler,1652000
TRX01582,2026-02-09,Bandung,Smartphone,Smartphone MaxEdge,2084000,1,2084000,Debit,P,22.0,4.0,Reguler,2668000
TRX01355,2026-02-09,Jakarta,Smartphone,Smartphone Z5,2296000,2,4592000,E-Wallet,L,23.0,4.0,Reguler,1924000
TRX01257,2026-02-10,Surabaya,Aksesoris,Powerbank 10000mAh,327000,5,1635000,E-Wallet,L,37.0,5.0,Reguler,2534000
TRX00363,2026-02-10,Malang,Elektronik Rumah Tangga,Rice Cooker,3861000,4,15444000,Tunai,L,31.0,2.0,Reguler,932000
TRX01839,2026-02-10,Malang,Laptop,Laptop A14,8483000,2,16966000,Kredit,P,32.0,3.0,Reguler,2385000
TRX00976,2026-02-10,Surabaya,Laptop,Laptop X1,13310000,3,39930000,E-Wallet,P,39.0,4.0,Reguler,1314000
TRX00567,2026-02-11,Jakarta,Smartphone,Smartphone Air,5567000,5,27835000,Debit,L,19.0,5.0,Reguler,2847000
TRX01512,2026-02-11,Jakarta,Aksesoris,Powerbank 10000mAh,181000,1,181000,E-Wallet,P,28.0,5.0,Reguler,1761000
TRX01545,2026-02-11,Malang,Smartphone,Smartphone Z5,7714000,4,30856000,Debit,L,45.0,4.0,Reguler,2694000
TRX01656,2026-02-11,Jakarta,Laptop,Laptop X1,11754000,1,11754000,Debit,L,33.0,4.0,Reguler,312000
TRX01503,2026-02-11,Surabaya,Laptop,Laptop ProBook,14791000,4,59164000,Debit,L,,4.0,Reguler,2886000
TRX00412,2026-02-11,Malang,Aksesoris,Earphone Bluetooth,101000,5,505000,Debit,P,36.0,4.0,Reguler,1949000
TRX00078,2026-02-11,Surabaya,Elektronik Rumah Tangga,Kulkas 2 Pintu,1116000,1,1116000,E-Wallet,L,31.0,5.0,Reguler,2392000
TRX00326,2026-02-11,Surabaya,Smartphone,Smartphone Z5,7362000,5,36810000,E-Wallet,P,23.0,4.0,Reguler,2165000
TRX01479,2026-02-11,Malang,Smartphone,Smartphone MaxEdge,7856000,4,31424000,Debit,L,28.0,5.0,Reguler,820000
TRX00032,2026-02-11,Surabaya,Smartphone,Smartphone MaxEdge,6430000,1,6430000,Tunai,P,41.0,5.0,Reguler,2550000
TRX01291,2026-02-12,Surabaya,Laptop,Laptop X1,14739000,5,73695000,Debit,P,18.0,4.0,Reguler,2305000
TRX01877,2026-02-12,Jakarta,Laptop,Laptop X1,5459000,3,16377000,E-Wallet,L,32.0,5.0,Reguler,1635000
TRX00637,2026-02-12,Bandung,Smartphone,Smartphone Air,7777000,5,38885000,E-Wallet,P,36.0,5.0,Reguler,981000
TRX00626,2026-02-12,Malang,Smartphone,Smartphone Z5,6208000,3,18624000,Kredit,L,27.0,4.0,Reguler,1581000
TRX00148,2026-02-12,Malang,Aksesoris,Earphone Bluetooth,382000,2,764000,Debit,P,31.0,4.0,Reguler,2595000
TRX01609,2026-02-12,Malang,Aksesoris,Earphone Bluetooth,434000,2,868000,E-Wallet,L,41.0,4.0,Reguler,413000
TRX01817,2026-02-12,Malang,Aksesoris,Casing HP,410000,3,1230000,Debit,L,45.0,5.0,Reguler,1575000
TRX00486,2026-02-12,Bandung,Elektronik Rumah Tangga,Kipas Angin,4295000,5,21475000,E-Wallet,L,47.0,3.0,Reguler,1903000
TRX02175,2026-02-12,Jakarta,Aksesoris,Powerbank 10000mAh,217000,1,217000,Debit,L,34.0,2.0,Reguler,2268000
TRX01288,2026-02-12,Malang,Elektronik Rumah Tangga,Kulkas 2 Pintu,4765000,3,14295000,E-Wallet,P,42.0,4.0,Reguler,2139000
TRX00566,2026-02-12,Bandung,Smartphone,Smartphone Z5,4743000,3,14229000,Tunai,P,24.0,4.0,Reguler,1186000
TRX00719,2026-02-12,Surabaya,Laptop,Laptop A14,12693000,4,50772000,Kredit,L,43.0,5.0,Reguler,1792000
TRX01386,2026-02-12,Surabaya,Smartphone,Smartphone Air,2173000,1,2173000,E-Wallet,L,30.0,4.0,Reguler,1518000
TRX01112,2026-02-12,Surabaya,Laptop,Laptop X1,5282000,2,10564000,Kredit,P,24.0,4.0,Reguler,244000
TRX00327,2026-02-12,Malang,Elektronik Rumah Tangga,Rice Cooker,1404000,3,4212000,Debit,L,18.0,5.0,Reguler,1803000
TRX00510,2026-02-12,Surabaya,Aksesoris,Casing HP,225000,2,450000,E-Wallet,L,35.0,5.0,Reguler,688000
TRX00593,2026-02-13,Malang,Smartphone,Smartphone Air,2912000,3,8736000,Kredit,L,31.0,4.0,Reguler,682000
TRX00189,2026-02-13,Surabaya,Laptop,Laptop ProBook,10779000,4,43116000,Tunai,P,29.0,,Reguler,2429000
TRX01265,2026-02-13,Jakarta,Laptop,Laptop ProBook,12213000,5,61065000,Debit,L,24.0,5.0,Reguler,1771000
TRX01251,2026-02-13,Malang,Laptop,Laptop A14,11883000,1,11883000,Debit,L,26.0,3.0,Reguler,1128000
TRX00384,2026-02-13,Malang,Smartphone,Smartphone MaxEdge,6960000,1,6960000,Debit,L,39.0,5.0,Reguler,2095000
TRX00854,2026-02-13,Bandung,Smartphone,Smartphone Air,3523000,5,17615000,Kredit,P,28.0,4.0,Reguler,2628000
TRX01308,2026-02-13,Malang,Laptop,Laptop X1,14601000,3,43803000,E-Wallet,P,35.0,,Reguler,2214000
TRX01542,2026-02-13,Jakarta,Smartphone,Smartphone Z5,3770000,1,3770000,E-Wallet,P,37.0,4.0,Reguler,805000
TRX02182,2026-02-13,Malang,Laptop,Laptop A14,5780000,5,28900000,Kredit,P,35.0,5.0,Reguler,715000
TRX00097,2026-02-13,Malang,Laptop,Laptop X1,6166000,1,6166000,Debit,P,32.0,5.0,Reguler,938000
TRX01402,2026-02-13,Jakarta,Smartphone,Smartphone NovaLite,7578000,4,30312000,Kredit,P,33.0,5.0,Reguler,831000
TRX01506,2026-02-13,Malang,Aksesoris,Mouse Wireless,264000,5,1320000,E-Wallet,P,32.0,5.0,Reguler,2713000
TRX00832,2026-02-13,Jakarta,Aksesoris,Powerbank 10000mAh,468000,5,2340000,E-Wallet,P,29.0,5.0,Reguler,2887000
TRX01047,2026-02-13,Malang,Aksesoris,Casing HP,118000,3,354000,Kredit,L,38.0,3.0,Reguler,2648000
TRX00925,2026-02-14,Surabaya,Laptop,Laptop X1,11527000,2,23054000,E-Wallet,L,25.0,4.0,Reguler,512000
TRX00857,2026-02-14,Surabaya,Elektronik Rumah Tangga,TV LED 32in,1698000,5,8490000,Debit,P,45.0,4.0,Reguler,1213000
TRX01454,2026-02-14,Bandung,Smartphone,Smartphone Air,7057000,1,7057000,E-Wallet,L,,5.0,Reguler,2483000
TRX00508,2026-02-14,Malang,Aksesoris,Earphone Bluetooth,230000,4,920000,E-Wallet,P,18.0,5.0,Reguler,2652000
TRX00315,2026-02-14,Malang,Aksesoris,Earphone Bluetooth,184000,5,920000,Debit,L,26.0,5.0,Reguler,2759000
TRX00119,2026-02-14,Jakarta,Laptop,Laptop A14,10937000,5,54685000,E-Wallet,L,31.0,5.0,Reguler,788000
TRX00989,2026-02-14,Jakarta,Elektronik Rumah Tangga,Kipas Angin,4547000,1,4547000,Debit,L,36.0,4.0,Reguler,2369000
TRX01563,2026-02-14,Surabaya,Smartphone,Smartphone Air,6010000,5,30050000,Tunai,L,26.0,,Reguler,2897000
TRX02162,2026-02-14,Jakarta,Laptop,Laptop X1,9809000,5,49045000,Debit,P,27.0,4.0,Reguler,2822000
TRX01811,2026-02-14,Jakarta,Laptop,Laptop UltraSlim,13796000,3,41388000,E-Wallet,L,27.0,3.0,Reguler,524000
TRX01515,2026-02-14,Malang,Smartphone,Smartphone Z5,5790000,3,17370000,Debit,L,28.0,1.0,Reguler,1625000
TRX02100,2026-02-14,Bandung,Laptop,Laptop ProBook,5043000,2,10086000,Kredit,L,32.0,5.0,Reguler,837000
TRX01013,2026-02-14,Malang,Smartphone,Smartphone NovaLite,7658000,1,7658000,Tunai,P,47.0,4.0,Reguler,2059000
TRX01107,2026-02-14,Jakarta,Elektronik Rumah Tangga,Kipas Angin,5390000,4,21560000,Tunai,L,22.0,4.0,Reguler,2563000
TRX01124,2026-02-14,Malang,Laptop,Laptop A14,14719000,5,73595000,E-Wallet,L,34.0,2.0,Reguler,417000
TRX01709,2026-02-14,Malang,Aksesoris,Earphone Bluetooth,121000,4,484000,Debit,P,38.0,3.0,Reguler,2631000
TRX01786,2026-02-14,Malang,Smartphone,Smartphone Z5,5201000,3,15603000,Tunai,L,35.0,5.0,Reguler,2683000
TRX01906,2026-02-14,Jakarta,Laptop,Laptop UltraSlim,10488000,5,52440000,Tunai,P,34.0,4.0,Reguler,1115000
TRX00831,2026-02-14,Jakarta,Aksesoris,Mouse Wireless,105000,2,210000,E-Wallet,P,51.0,4.0,Reguler,2773000
TRX01904,2026-02-14,Jakarta,Smartphone,Smartphone NovaLite,3514000,3,10542000,E-Wallet,L,26.0,4.0,Reguler,937000
TRX01892,2026-02-14,Jakarta,Aksesoris,Casing HP,219000,4,876000,Debit,L,30.0,5.0,Reguler,800000
TRX01818,2026-02-15,Bandung,Aksesoris,Casing HP,325000,2,650000,E-Wallet,L,19.0,5.0,Reguler,2242000
TRX00617,2026-02-15,Surabaya,Smartphone,Smartphone NovaLite,7754000,4,31016000,Debit,L,39.0,4.0,Reguler,2601000
TRX00568,2026-02-15,Malang,Smartphone,Smartphone Z5,2376000,3,7128000,E-Wallet,L,34.0,5.0,Reguler,2948000
TRX00483,2026-02-15,Surabaya,Elektronik Rumah Tangga,Kipas Angin,3731000,3,11193000,E-Wallet,L,31.0,4.0,Reguler,2978000
TRX00696,2026-02-15,Malang,Laptop,Laptop A14,5012000,4,20048000,Debit,P,24.0,4.0,Reguler,2551000
TRX01942,2026-02-15,Bandung,Smartphone,Smartphone MaxEdge,3977000,1,3977000,E-Wallet,L,24.0,5.0,Reguler,598000
TRX01413,2026-02-15,Malang,Aksesoris,Earphone Bluetooth,467000,5,2335000,Debit,P,32.0,5.0,Reguler,292000
TRX01660,2026-02-15,Surabaya,Aksesoris,Powerbank 10000mAh,275000,3,825000,E-Wallet,P,29.0,4.0,Reguler,1999000
TRX01852,2026-02-15,Jakarta,Laptop,Laptop A14,14581000,5,72905000,E-Wallet,P,30.0,5.0,Reguler,701000
TRX00919,2026-02-16,Jakarta,Elektronik Rumah Tangga,Kipas Angin,2390000,5,11950000,Debit,L,18.0,4.0,Reguler,545000
TRX01307,2026-02-16,Surabaya,Elektronik Rumah Tangga,TV LED 32in,1350000,2,2700000,Debit,L,43.0,5.0,Reguler,1269000
TRX01179,2026-02-16,Bandung,Aksesoris,Earphone Bluetooth,299000,5,1495000,Debit,P,39.0,3.0,Reguler,1831000
TRX02188,2026-02-16,Surabaya,Laptop,Laptop UltraSlim,11317000,5,56585000,Kredit,L,24.0,5.0,Reguler,2814000
TRX01562,2026-02-16,Surabaya,Elektronik Rumah Tangga,TV LED 32in,4239000,2,8478000,Debit,P,57.0,4.0,Reguler,1710000
TRX00346,2026-02-16,Surabaya,Aksesoris,Powerbank 10000mAh,206000,1,206000,Debit,P,28.0,5.0,Reguler,913000
TRX01425,2026-02-16,Bandung,Laptop,Laptop A14,13731000,3,41193000,Debit,L,31.0,,Reguler,1860000
TRX02079,2026-02-16,Malang,Laptop,Laptop UltraSlim,11694000,2,23388000,Tunai,L,23.0,3.0,Reguler,2954000
TRX00933,2026-02-16,Surabaya,Aksesoris,Mouse Wireless,107000,5,535000,Kredit,L,19.0,3.0,Reguler,483000
TRX02126,2026-02-16,Jakarta,Aksesoris,Powerbank 10000mAh,271000,5,1355000,E-Wallet,L,39.0,4.0,Reguler,1265000
TRX01804,2026-02-16,Bandung,Aksesoris,Powerbank 10000mAh,278000,5,1390000,E-Wallet,P,41.0,3.0,Reguler,1277000
TRX01297,2026-02-17,Malang,Smartphone,Smartphone MaxEdge,3978000,2,7956000,Kredit,L,37.0,4.0,Reguler,895000
TRX01502,2026-02-17,Jakarta,Laptop,Laptop A14,5153000,2,10306000,Debit,P,26.0,5.0,Reguler,1805000
TRX01882,2026-02-17,Malang,Smartphone,Smartphone Air,5051000,2,10102000,Debit,P,18.0,4.0,Reguler,1601000
TRX00211,2026-02-17,Surabaya,Elektronik Rumah Tangga,Kipas Angin,3400000,2,6800000,Tunai,L,30.0,5.0,Reguler,504000
TRX01621,2026-02-17,Surabaya,Smartphone,Smartphone NovaLite,7521000,4,30084000,E-Wallet,L,29.0,,Reguler,2991000
TRX00380,2026-02-17,Surabaya,Laptop,Laptop UltraSlim,8983000,1,8983000,Debit,P,29.0,5.0,Reguler,2351000
TRX01459,2026-02-17,Surabaya,Laptop,Laptop A14,10642000,3,31926000,E-Wallet,P,50.0,5.0,Reguler,2492000
TRX00209,2026-02-17,Malang,Aksesoris,Casing HP,88000,5,440000,Tunai,L,29.0,4.0,Reguler,1649000
TRX00292,2026-02-18,Jakarta,Smartphone,Smartphone MaxEdge,4849000,2,9698000,Kredit,P,35.0,5.0,Reguler,1812000
TRX01261,2026-02-18,Jakarta,Elektronik Rumah Tangga,Kulkas 2 Pintu,5684000,5,28420000,Kredit,L,42.0,4.0,Reguler,1477000
TRX01011,2026-02-18,Surabaya,Smartphone,Smartphone Z5,4455000,1,4455000,Debit,L,18.0,3.0,Reguler,1968000
TRX01673,2026-02-18,Bandung,Smartphone,Smartphone NovaLite,2833000,5,14165000,E-Wallet,L,27.0,5.0,Reguler,2421000
TRX00744,2026-02-18,Bandung,Elektronik Rumah Tangga,TV LED 32in,3062000,4,12248000,Tunai,L,46.0,3.0,Reguler,255000
TRX01429,2026-02-18,Jakarta,Aksesoris,Earphone Bluetooth,158000,2,316000,Debit,L,19.0,5.0,Reguler,1064000
TRX01123,2026-02-18,Surabaya,Aksesoris,Earphone Bluetooth,290000,1,290000,E-Wallet,L,27.0,2.0,Reguler,1930000
TRX00618,2026-02-18,Jakarta,Smartphone,Smartphone Z5,6098000,2,12196000,Kredit,L,53.0,5.0,Reguler,1438000
TRX01701,2026-02-18,Bandung,Laptop,Laptop ProBook,14807000,3,44421000,Debit,P,35.0,4.0,Reguler,1407000
TRX00206,2026-02-18,Bandung,Smartphone,Smartphone NovaLite,6198000,1,6198000,Debit,P,28.0,2.0,Reguler,821000
TRX00509,2026-02-18,Surabaya,Elektronik Rumah Tangga,Rice Cooker,1728000,5,8640000,Kredit,P,24.0,4.0,Reguler,453000
TRX01322,2026-02-19,Malang,Elektronik Rumah Tangga,Kipas Angin,4644000,5,23220000,E-Wallet,P,47.0,4.0,Reguler,2574000
TRX00779,2026-02-19,Surabaya,Laptop,Laptop X1,7277000,2,14554000,E-Wallet,L,28.0,5.0,Reguler,2247000
TRX01640,2026-02-19,Surabaya,Laptop,Laptop A14,9947000,5,49735000,E-Wallet,L,42.0,,Reguler,2666000
TRX01491,2026-02-19,Jakarta,Smartphone,Smartphone MaxEdge,4663000,5,23315000,Tunai,L,29.0,1.0,Reguler,1222000
TRX02106,2026-02-19,Surabaya,Aksesoris,Mouse Wireless,121000,1,121000,E-Wallet,L,35.0,4.0,Reguler,1318000
TRX00281,2026-02-19,Surabaya,Aksesoris,Powerbank 10000mAh,212000,5,1060000,Kredit,P,35.0,5.0,Reguler,1999000
TRX00890,2026-02-19,Malang,Smartphone,Smartphone NovaLite,3110000,4,12440000,Tunai,L,24.0,4.0,Reguler,2607000
TRX00505,2026-02-19,Malang,Laptop,Laptop UltraSlim,6278000,2,12556000,E-Wallet,L,35.0,4.0,Reguler,266000
TRX00216,2026-02-19,Jakarta,Aksesoris,Mouse Wireless,413000,5,2065000,E-Wallet,L,24.0,5.0,Reguler,1888000
TRX00039,2026-02-20,Malang,Smartphone,Smartphone Air,7796000,1,7796000,E-Wallet,L,30.0,4.0,Reguler,2327000
TRX00399,2026-02-20,Surabaya,Laptop,Laptop UltraSlim,7599000,5,37995000,Debit,P,24.0,4.0,Reguler,1029000
TRX00143,2026-02-20,Surabaya,Laptop,Laptop UltraSlim,6364000,3,19092000,Kredit,L,37.0,3.0,Reguler,2767000
TRX00413,2026-02-20,Jakarta,Elektronik Rumah Tangga,TV LED 32in,3129000,5,15645000,Kredit,P,35.0,5.0,Reguler,926000
TRX01551,2026-02-20,Bandung,Laptop,Laptop A14,11079000,3,33237000,E-Wallet,L,37.0,5.0,Reguler,2365000
TRX02000,2026-02-20,Malang,Laptop,Laptop A14,8165000,4,32660000,Debit,P,26.0,5.0,Reguler,932000
TRX01192,2026-02-20,Jakarta,Elektronik Rumah Tangga,TV LED 32in,1869000,4,7476000,Kredit,P,28.0,3.0,Reguler,1089000
TRX02045,2026-02-20,Jakarta,Smartphone,Smartphone Air,5464000,2,10928000,E-Wallet,P,18.0,5.0,Reguler,1361000
TRX00152,2026-02-20,Malang,Smartphone,Smartphone Z5,5783000,3,17349000,E-Wallet,P,57.0,4.0,Reguler,2061000
TRX01028,2026-02-20,Surabaya,Aksesoris,Casing HP,282000,4,1128000,Tunai,P,40.0,2.0,Reguler,823000
TRX00111,2026-02-20,Jakarta,Aksesoris,Casing HP,250000,5,1250000,Tunai,P,41.0,,Reguler,1627000
TRX02111,2026-02-20,Surabaya,Smartphone,Smartphone Z5,7433000,1,7433000,Kredit,L,23.0,5.0,Reguler,2239000
TRX01999,2026-02-20,Malang,Smartphone,Smartphone Air,3517000,2,7034000,Debit,L,18.0,2.0,Reguler,399000
TRX00314,2026-02-20,Bandung,Elektronik Rumah Tangga,Kipas Angin,837000,2,1674000,E-Wallet,P,30.0,4.0,Reguler,819000
TRX02109,2026-02-20,Malang,Laptop,Laptop X1,11284000,1,11284000,Kredit,P,41.0,4.0,Reguler,646000
TRX00950,2026-02-20,Surabaya,Aksesoris,Casing HP,74000,5,370000,Debit,L,22.0,5.0,Reguler,2635000
TRX01794,2026-02-20,Jakarta,Smartphone,Smartphone MaxEdge,6787000,2,13574000,E-Wallet,P,51.0,5.0,Reguler,767000
TRX02110,2026-02-21,Malang,Aksesoris,Mouse Wireless,161000,2,322000,Tunai,L,25.0,4.0,Reguler,2898000
TRX00450,2026-02-21,Malang,Laptop,Laptop UltraSlim,6721000,4,26884000,E-Wallet,P,23.0,4.0,Reguler,1356000
TRX01917,2026-02-21,Bandung,Smartphone,Smartphone Z5,1625000,3,4875000,E-Wallet,P,39.0,2.0,Reguler,1427000
TRX01993,2026-02-21,Bandung,Elektronik Rumah Tangga,Kipas Angin,1640000,2,3280000,Debit,P,41.0,5.0,Reguler,1954000
TRX01382,2026-02-21,Malang,Laptop,Laptop A14,5535000,2,11070000,Tunai,L,27.0,4.0,Reguler,2087000
TRX01410,2026-02-21,Jakarta,Smartphone,Smartphone NovaLite,5879000,2,11758000,E-Wallet,L,18.0,4.0,Reguler,1176000
TRX00573,2026-02-21,Jakarta,Laptop,Laptop X1,10938000,2,21876000,Debit,L,40.0,4.0,Reguler,2520000
TRX01209,2026-02-21,Surabaya,Aksesoris,Mouse Wireless,184000,1,184000,Debit,P,35.0,3.0,Reguler,1703000
TRX00534,2026-02-21,Jakarta,Smartphone,Smartphone Air,2673000,5,13365000,E-Wallet,L,18.0,4.0,Reguler,2814000
TRX00814,2026-02-21,Surabaya,Smartphone,Smartphone MaxEdge,3333000,1,3333000,Debit,L,20.0,4.0,Reguler,1911000
TRX02193,2026-02-21,Surabaya,Laptop,Laptop UltraSlim,9899000,5,49495000,Debit,P,23.0,5.0,Reguler,1787000
TRX00299,2026-02-21,Surabaya,Elektronik Rumah Tangga,TV LED 32in,3343000,3,10029000,E-Wallet,L,38.0,4.0,Reguler,1889000
TRX02041,2026-02-22,Surabaya,Smartphone,Smartphone Z5,2324000,2,4648000,Debit,L,38.0,,Reguler,517000
TRX01114,2026-02-22,Surabaya,Laptop,Laptop UltraSlim,12103000,5,60515000,Tunai,L,28.0,4.0,Reguler,2031000
TRX00096,2026-02-22,Malang,Elektronik Rumah Tangga,Kipas Angin,2576000,4,10304000,Kredit,L,47.0,3.0,Reguler,215000
TRX02197,2026-02-22,Jakarta,Elektronik Rumah Tangga,Kipas Angin,4716000,3,14148000,E-Wallet,P,26.0,5.0,Reguler,2533000
TRX00481,2026-02-22,Bandung,Laptop,Laptop ProBook,8793000,2,17586000,Debit,P,46.0,4.0,Reguler,2006000
TRX00855,2026-02-22,Bandung,Smartphone,Smartphone Air,3042000,3,9126000,E-Wallet,P,29.0,5.0,Reguler,345000
TRX00342,2026-02-22,Malang,Laptop,Laptop ProBook,8343000,3,25029000,Debit,L,36.0,4.0,Reguler,2268000
TRX00841,2026-02-22,Malang,Smartphone,Smartphone MaxEdge,6718000,5,33590000,Tunai,L,34.0,5.0,Reguler,2278000
TRX00495,2026-02-22,Jakarta,Smartphone,Smartphone NovaLite,4993000,4,19972000,E-Wallet,P,36.0,4.0,Reguler,224000
TRX00660,2026-02-22,Bandung,Smartphone,Smartphone Z5,1673000,4,6692000,E-Wallet,P,30.0,5.0,Reguler,2495000
TRX01230,2026-02-22,Surabaya,Smartphone,Smartphone Air,7790000,1,7790000,E-Wallet,P,,4.0,Reguler,2980000
TRX02186,2026-02-22,Jakarta,Elektronik Rumah Tangga,TV LED 32in,5709000,4,22836000,Debit,P,26.0,,Reguler,2520000
TRX01483,2026-02-22,Malang,Elektronik Rumah Tangga,TV LED 32in,4710000,4,18840000,Kredit,L,54.0,5.0,Reguler,968000
TRX01561,2026-02-22,Jakarta,Smartphone,Smartphone Z5,7093000,3,21279000,Debit,P,21.0,5.0,Reguler,2851000
TRX00638,2026-02-23,Malang,Aksesoris,Casing HP,290000,5,1450000,Debit,L,52.0,4.0,Reguler,2162000
TRX00419,2026-02-23,Malang,Elektronik Rumah Tangga,Rice Cooker,3504000,3,10512000,E-Wallet,L,18.0,2.0,Reguler,2882000
TRX01338,2026-02-23,Jakarta,Aksesoris,Casing HP,141000,4,564000,E-Wallet,L,26.0,4.0,Reguler,2531000
TRX01646,2026-02-23,Jakarta,Aksesoris,Mouse Wireless,116000,1,116000,E-Wallet,P,26.0,2.0,Reguler,2956000
TRX01581,2026-02-23,Jakarta,Laptop,Laptop A14,7600000,2,15200000,E-Wallet,P,31.0,5.0,Reguler,2723000
TRX01820,2026-02-23,Jakarta,Smartphone,Smartphone MaxEdge,1805000,4,7220000,Tunai,P,40.0,4.0,Reguler,1084000
TRX00796,2026-02-23,Malang,Smartphone,Smartphone MaxEdge,5077000,5,25385000,Kredit,P,,5.0,Reguler,1418000
TRX01451,2026-02-23,Surabaya,Laptop,Laptop A14,6028000,2,12056000,Debit,L,22.0,4.0,Reguler,680000
TRX01862,2026-02-23,Bandung,Elektronik Rumah Tangga,Kulkas 2 Pintu,3711000,4,14844000,E-Wallet,P,39.0,,Reguler,2426000
TRX00154,2026-02-23,Jakarta,Laptop,Laptop X1,14148000,1,14148000,Tunai,P,45.0,,Reguler,2364000
TRX01907,2026-02-23,Surabaya,Laptop,Laptop ProBook,11858000,2,23716000,Debit,P,34.0,,Reguler,2085000
TRX01239,2026-02-23,Surabaya,Laptop,Laptop X1,11143000,3,33429000,Tunai,P,30.0,,Reguler,2982000
TRX00271,2026-02-23,Malang,Aksesoris,Powerbank 10000mAh,333000,2,666000,Tunai,P,18.0,5.0,Reguler,2771000
TRX01367,2026-02-24,Jakarta,Aksesoris,Powerbank 10000mAh,307000,1,307000,Kredit,P,46.0,4.0,Reguler,948000
TRX01316,2026-02-24,Malang,Smartphone,Smartphone NovaLite,5942000,2,11884000,Kredit,L,27.0,4.0,Reguler,1320000
TRX01601,2026-02-24,Jakarta,Smartphone,Smartphone NovaLite,6104000,2,12208000,Kredit,L,32.0,3.0,Reguler,2226000
TRX00928,2026-02-24,Surabaya,Laptop,Laptop ProBook,9420000,4,37680000,E-Wallet,P,37.0,5.0,Reguler,1103000
TRX01400,2026-02-24,Surabaya,Aksesoris,Casing HP,147000,1,147000,E-Wallet,L,40.0,4.0,Reguler,1490000
TRX00442,2026-02-24,Malang,Laptop,Laptop X1,10827000,3,32481000,Debit,L,39.0,5.0,Reguler,1418000
TRX01403,2026-02-24,Bandung,Smartphone,Smartphone Air,6476000,1,6476000,Debit,P,35.0,,Reguler,2233000
TRX01823,2026-02-24,Malang,Smartphone,Smartphone Air,2447000,2,4894000,E-Wallet,P,40.0,3.0,Reguler,1940000
TRX00971,2026-02-24,Bandung,Elektronik Rumah Tangga,TV LED 32in,1715000,2,3430000,E-Wallet,L,34.0,4.0,Reguler,1230000
TRX01476,2026-02-24,Jakarta,Laptop,Laptop X1,10073000,2,20146000,E-Wallet,L,24.0,5.0,Reguler,503000
TRX00353,2026-02-24,Bandung,Smartphone,Smartphone Z5,4642000,1,4642000,E-Wallet,P,41.0,5.0,Reguler,1150000
TRX02052,2026-02-24,Surabaya,Aksesoris,Casing HP,440000,1,440000,Debit,L,18.0,4.0,Reguler,536000
TRX00190,2026-02-24,Surabaya,Smartphone,Smartphone Z5,7850000,1,7850000,Kredit,L,22.0,5.0,Reguler,1129000
TRX00307,2026-02-24,Bandung,Laptop,Laptop ProBook,10325000,3,30975000,Kredit,P,23.0,5.0,Reguler,1940000
TRX00802,2026-02-24,Malang,Aksesoris,Powerbank 10000mAh,273000,3,819000,Debit,P,38.0,3.0,Reguler,1076000
TRX00263,2026-02-24,Jakarta,Elektronik Rumah Tangga,TV LED 32in,5039000,5,25195000,Debit,L,43.0,5.0,Reguler,970000
TRX02021,2026-02-24,Malang,Laptop,Laptop X1,5048000,5,25240000,E-Wallet,L,22.0,4.0,Reguler,371000
TRX02187,2026-02-25,Jakarta,Elektronik Rumah Tangga,Kipas Angin,3830000,1,3830000,Kredit,L,41.0,4.0,Reguler,2629000
TRX00136,2026-02-25,Malang,Smartphone,Smartphone MaxEdge,6395000,4,25580000,E-Wallet,L,34.0,4.0,Reguler,559000
TRX00952,2026-02-25,Malang,Laptop,Laptop A14,5469000,4,21876000,Debit,L,46.0,5.0,Reguler,2160000
TRX00239,2026-02-25,Bandung,Laptop,Laptop UltraSlim,6403000,5,32015000,Debit,P,30.0,3.0,Reguler,235000
TRX02127,2026-02-25,Jakarta,Elektronik Rumah Tangga,Kipas Angin,2561000,1,2561000,E-Wallet,P,41.0,2.0,Reguler,2609000
TRX01105,2026-02-25,Surabaya,Smartphone,Smartphone NovaLite,5812000,5,29060000,Debit,L,36.0,,Reguler,478000
TRX01155,2026-02-25,Bandung,Smartphone,Smartphone Air,3479000,3,10437000,Tunai,P,46.0,5.0,Reguler,1180000
TRX02089,2026-02-25,Malang,Smartphone,Smartphone NovaLite,4694000,2,9388000,Kredit,P,32.0,,Reguler,2397000
TRX01838,2026-02-25,Malang,Laptop,Laptop A14,12144000,4,48576000,Debit,P,31.0,5.0,Reguler,2852000
TRX00226,2026-02-25,Bandung,Smartphone,Smartphone Air,3116000,5,15580000,Debit,P,43.0,1.0,Reguler,2498000
TRX01779,2026-02-25,Surabaya,Smartphone,Smartphone Z5,7178000,4,28712000,Kredit,L,33.0,4.0,Reguler,2988000
TRX01391,2026-02-25,Bandung,Smartphone,Smartphone NovaLite,1575000,2,3150000,Tunai,L,31.0,4.0,Reguler,2489000
TRX01186,2026-02-25,Malang,Smartphone,Smartphone Air,5614000,3,16842000,Kredit,L,27.0,5.0,Reguler,1043000
TRX01821,2026-02-26,Bandung,Aksesoris,Mouse Wireless,450000,1,450000,Debit,P,36.0,4.0,Reguler,1085000
TRX00749,2026-02-26,Surabaya,Smartphone,Smartphone Air,7528000,5,37640000,Debit,L,33.0,4.0,Reguler,788000
TRX00748,2026-02-26,Jakarta,Smartphone,Smartphone MaxEdge,5190000,4,20760000,E-Wallet,P,43.0,2.0,Reguler,1310000
TRX00088,2026-02-26,Bandung,Elektronik Rumah Tangga,TV LED 32in,5576000,1,5576000,Kredit,P,,3.0,Reguler,2470000
TRX00400,2026-02-26,Jakarta,Smartphone,Smartphone Air,6230000,5,31150000,Debit,L,44.0,4.0,Reguler,1133000
TRX00526,2026-02-26,Jakarta,Smartphone,Smartphone MaxEdge,7568000,3,22704000,E-Wallet,L,42.0,,Reguler,2342000
TRX00333,2026-02-26,Malang,Smartphone,Smartphone NovaLite,4110000,2,8220000,E-Wallet,P,32.0,4.0,Reguler,2898000
TRX01014,2026-02-26,Jakarta,Aksesoris,Earphone Bluetooth,442000,1,442000,E-Wallet,L,27.0,4.0,Reguler,2442000
TRX01060,2026-02-26,Malang,Aksesoris,Casing HP,433000,1,433000,Tunai,P,21.0,,Reguler,1611000
TRX01034,2026-02-26,Bandung,Smartphone,Smartphone NovaLite,4214000,4,16856000,Tunai,L,18.0,3.0,Reguler,2220000
TRX01462,2026-02-26,Jakarta,Smartphone,Smartphone MaxEdge,2630000,5,13150000,E-Wallet,P,41.0,4.0,Reguler,1778000
TRX00447,2026-02-26,Malang,Smartphone,Smartphone Z5,3320000,1,3320000,Kredit,P,28.0,5.0,Reguler,1160000
TRX00968,2026-02-27,Bandung,Aksesoris,Casing HP,90000,2,180000,Debit,L,28.0,4.0,Reguler,1435000
TRX01435,2026-02-27,Bandung,Elektronik Rumah Tangga,Kipas Angin,1377000,1,1377000,Tunai,L,27.0,5.0,Reguler,1327000
TRX01439,2026-02-27,Malang,Laptop,Laptop A14,7384000,2,14768000,Kredit,L,39.0,4.0,Reguler,2466000
TRX00988,2026-02-27,Surabaya,Laptop,Laptop X1,7077000,1,7077000,Debit,L,35.0,5.0,Reguler,889000
TRX00799,2026-02-27,Malang,Aksesoris,Earphone Bluetooth,373000,1,373000,Tunai,L,36.0,5.0,Reguler,1654000
TRX01177,2026-02-27,Surabaya,Smartphone,Smartphone MaxEdge,7297000,1,7297000,Kredit,P,30.0,5.0,Reguler,1183000
TRX00309,2026-02-27,Bandung,Laptop,Laptop UltraSlim,11724000,5,58620000,Kredit,L,,2.0,Reguler,1185000
TRX01604,2026-02-27,Jakarta,Elektronik Rumah Tangga,TV LED 32in,2701000,4,10804000,Debit,P,32.0,5.0,Reguler,2408000
TRX00525,2026-02-27,Surabaya,Aksesoris,Mouse Wireless,113000,3,339000,Tunai,P,40.0,5.0,Reguler,810000
TRX01586,2026-02-27,Jakarta,Aksesoris,Earphone Bluetooth,420000,3,1260000,E-Wallet,P,42.0,5.0,Reguler,449000
TRX02016,2026-02-27,Jakarta,Smartphone,Smartphone NovaLite,7643000,3,22929000,Debit,L,45.0,4.0,Reguler,1731000
TRX00403,2026-02-27,Surabaya,Smartphone,Smartphone Air,6701000,1,6701000,Tunai,L,33.0,4.0,Reguler,1751000
TRX01576,2026-02-27,Surabaya,Smartphone,Smartphone MaxEdge,1666000,4,6664000,Kredit,P,32.0,,Reguler,1647000
TRX02167,2026-02-27,Malang,Aksesoris,Earphone Bluetooth,175000,3,525000,Debit,P,34.0,2.0,Reguler,1948000
TRX00338,2026-02-27,Surabaya,Laptop,Laptop ProBook,6809000,3,20427000,E-Wallet,L,18.0,5.0,Reguler,1418000
TRX01527,2026-02-27,Surabaya,Laptop,Laptop A14,8516000,4,34064000,E-Wallet,P,46.0,5.0,Reguler,1367000
TRX00554,2026-02-27,Malang,Smartphone,Smartphone Air,7740000,4,30960000,Debit,L,22.0,5.0,Reguler,2884000
TRX01756,2026-02-27,Bandung,Smartphone,Smartphone Z5,6409000,4,25636000,Debit,L,39.0,4.0,Reguler,553000
TRX00368,2026-02-27,Malang,Laptop,Laptop UltraSlim,11236000,2,22472000,Kredit,P,27.0,5.0,Reguler,725000
TRX00167,2026-02-28,Malang,Aksesoris,Earphone Bluetooth,165000,3,495000,Debit,L,39.0,5.0,Reguler,1638000
TRX02152,2026-02-28,Surabaya,Smartphone,Smartphone NovaLite,7051000,3,21153000,Debit,L,,4.0,Reguler,1552000
TRX00595,2026-02-28,Jakarta,Elektronik Rumah Tangga,TV LED 32in,2046000,5,10230000,Debit,L,33.0,5.0,Reguler,1748000
TRX02130,2026-02-28,Surabaya,Aksesoris,Powerbank 10000mAh,415000,5,2075000,E-Wallet,L,28.0,3.0,Reguler,1794000
TRX01950,2026-02-28,Malang,Aksesoris,Mouse Wireless,84000,2,168000,Debit,L,36.0,4.0,Reguler,866000
TRX01388,2026-02-28,Jakarta,Smartphone,Smartphone MaxEdge,7883000,5,39415000,Debit,P,30.0,,Reguler,2032000
TRX00607,2026-02-28,Malang,Aksesoris,Earphone Bluetooth,140000,5,700000,Tunai,L,39.0,3.0,Reguler,2077000
TRX01404,2026-02-28,Jakarta,Smartphone,Smartphone Z5,6054000,4,24216000,E-Wallet,L,47.0,4.0,Reguler,1723000
TRX02083,2026-02-28,Surabaya,Aksesoris,Powerbank 10000mAh,360000,4,1440000,Debit,P,41.0,5.0,Reguler,1207000
TRX00066,2026-02-28,Bandung,Smartphone,Smartphone Air,2600000,3,7800000,E-Wallet,P,,,Reguler,329000
TRX01249,2026-02-28,Malang,Aksesoris,Mouse Wireless,291000,2,582000,E-Wallet,L,23.0,3.0,Reguler,278000
TRX01504,2026-02-28,Jakarta,Smartphone,Smartphone MaxEdge,4497000,3,13491000,E-Wallet,L,36.0,,Reguler,2704000
TRX00321,2026-02-28,Jakarta,Aksesoris,Earphone Bluetooth,449000,4,1796000,E-Wallet,L,25.0,4.0,Reguler,1880000
TRX01145,2026-03-01,Surabaya,Laptop,Laptop X1,13026000,2,26052000,Kredit,L,33.0,4.0,Saat Promo,4082000
TRX00254,2026-03-01,Surabaya,Smartphone,Smartphone Air,6337000,4,25348000,Debit,P,28.0,3.0,Saat Promo,2947000
TRX01095,2026-03-01,Surabaya,Smartphone,Smartphone NovaLite,7695000,4,30780000,Tunai,P,28.0,3.0,Saat Promo,2313000
TRX01915,2026-03-01,Malang,Smartphone,Smartphone MaxEdge,2111000,5,10555000,Tunai,L,42.0,4.0,Saat Promo,4347000
TRX02151,2026-03-01,Bandung,Laptop,Laptop ProBook,8171000,3,24513000,Debit,P,31.0,5.0,Saat Promo,1666000
TRX02069,2026-03-01,Malang,Aksesoris,Earphone Bluetooth,122000,5,610000,Debit,P,33.0,4.0,Saat Promo,2906000
TRX01514,2026-03-01,Jakarta,Elektronik Rumah Tangga,TV LED 32in,4689000,3,14067000,Tunai,L,41.0,5.0,Saat Promo,1801000
TRX02092,2026-03-01,Malang,Smartphone,Smartphone MaxEdge,3458000,4,13832000,Debit,L,28.0,1.0,Saat Promo,3985000
TRX00632,2026-03-01,Malang,Smartphone,Smartphone MaxEdge,7796000,4,31184000,Kredit,P,24.0,4.0,Saat Promo,429000
TRX00077,2026-03-01,Surabaya,Laptop,Laptop UltraSlim,13159000,2,26318000,Debit,P,24.0,3.0,Saat Promo,2870000
TRX00646,2026-03-01,Jakarta,Elektronik Rumah Tangga,TV LED 32in,4984000,4,19936000,Debit,L,33.0,4.0,Saat Promo,4531000
TRX01069,2026-03-02,Surabaya,Laptop,Laptop X1,5001000,6,30006000,Kredit,L,18.0,4.0,Saat Promo,4437000
TRX01905,2026-03-02,Malang,Laptop,Laptop UltraSlim,14203000,5,71015000,E-Wallet,P,,5.0,Saat Promo,787000
TRX00294,2026-03-02,Malang,Laptop,Laptop UltraSlim,7060000,3,21180000,Debit,L,31.0,3.0,Saat Promo,1206000
TRX01777,2026-03-02,Malang,Smartphone,Smartphone Air,2731000,5,13655000,Kredit,L,,5.0,Saat Promo,543000
TRX01030,2026-03-02,Malang,Elektronik Rumah Tangga,Kipas Angin,5569000,3,16707000,E-Wallet,L,32.0,3.0,Saat Promo,4665000
TRX00487,2026-03-02,Surabaya,Elektronik Rumah Tangga,Rice Cooker,2080000,5,10400000,E-Wallet,P,31.0,4.0,Saat Promo,463000
TRX00371,2026-03-02,Bandung,Smartphone,Smartphone NovaLite,5735000,6,34410000,Debit,P,25.0,5.0,Saat Promo,1188000
TRX00169,2026-03-02,Surabaya,Smartphone,Smartphone Z5,2106000,3,6318000,Debit,P,32.0,3.0,Saat Promo,1537000
TRX00738,2026-03-02,Surabaya,Aksesoris,Powerbank 10000mAh,136000,3,408000,Tunai,P,35.0,5.0,Saat Promo,2809000
TRX01494,2026-03-02,Malang,Elektronik Rumah Tangga,Kipas Angin,1443000,4,5772000,Debit,P,42.0,3.0,Saat Promo,4515000
TRX02160,2026-03-02,Malang,Laptop,Laptop A14,5035000,4,20140000,Kredit,P,29.0,4.0,Saat Promo,4390000
TRX01511,2026-03-02,Bandung,Smartphone,Smartphone Z5,5104000,2,10208000,Debit,P,21.0,4.0,Saat Promo,4626000
TRX00627,2026-03-03,Surabaya,Smartphone,Smartphone MaxEdge,3748000,3,11244000,E-Wallet,P,36.0,4.0,Saat Promo,1195000
TRX01771,2026-03-03,Jakarta,Smartphone,Smartphone NovaLite,3535000,5,17675000,E-Wallet,L,21.0,5.0,Saat Promo,1579000
TRX01142,2026-03-03,Malang,Smartphone,Smartphone Air,6987000,5,34935000,Tunai,L,38.0,5.0,Saat Promo,2560000
TRX01900,2026-03-03,Malang,Smartphone,Smartphone Z5,2341000,2,4682000,Kredit,L,29.0,5.0,Saat Promo,1849000
TRX01978,2026-03-03,Jakarta,Aksesoris,Mouse Wireless,457000,7,3199000,Kredit,L,48.0,4.0,Saat Promo,4034000
TRX01176,2026-03-03,Malang,Aksesoris,Casing HP,422000,2,844000,Debit,P,33.0,4.0,Saat Promo,2203000
TRX01974,2026-03-03,Jakarta,Elektronik Rumah Tangga,Rice Cooker,5674000,4,22696000,Kredit,P,35.0,,Saat Promo,2755000
TRX02074,2026-03-03,Bandung,Smartphone,Smartphone NovaLite,3763000,6,22578000,E-Wallet,P,37.0,4.0,Saat Promo,2287000
TRX01782,2026-03-03,Malang,Smartphone,Smartphone NovaLite,5991000,3,17973000,Debit,P,40.0,,Saat Promo,1991000
TRX01330,2026-03-03,Jakarta,Smartphone,Smartphone MaxEdge,6660000,3,19980000,Debit,P,29.0,4.0,Saat Promo,1772000
TRX00199,2026-03-03,Jakarta,Smartphone,Smartphone Air,6522000,3,19566000,E-Wallet,L,28.0,3.0,Saat Promo,2144000
TRX01160,2026-03-03,Surabaya,Aksesoris,Earphone Bluetooth,392000,4,1568000,E-Wallet,L,29.0,2.0,Saat Promo,1104000
TRX01592,2026-03-04,Surabaya,Smartphone,Smartphone MaxEdge,2066000,3,6198000,Debit,P,18.0,5.0,Saat Promo,3390000
TRX00139,2026-03-04,Malang,Laptop,Laptop ProBook,5024000,1,5024000,Kredit,L,47.0,5.0,Saat Promo,1255000
TRX01357,2026-03-04,Jakarta,Elektronik Rumah Tangga,Kulkas 2 Pintu,3581000,5,17905000,Debit,L,38.0,5.0,Saat Promo,2208000
TRX01647,2026-03-04,Malang,Smartphone,Smartphone NovaLite,3509000,7,24563000,Tunai,P,25.0,4.0,Saat Promo,2616000
TRX01793,2026-03-04,Jakarta,Smartphone,Smartphone Z5,2229000,5,11145000,Tunai,L,44.0,4.0,Saat Promo,687000
TRX00268,2026-03-04,Malang,Smartphone,Smartphone Air,2780000,7,19460000,E-Wallet,L,42.0,4.0,Saat Promo,2622000
TRX00197,2026-03-04,Malang,Aksesoris,Earphone Bluetooth,222000,3,666000,E-Wallet,L,34.0,4.0,Saat Promo,2350000
TRX01236,2026-03-04,Jakarta,Laptop,Laptop UltraSlim,11425000,4,45700000,E-Wallet,L,31.0,4.0,Saat Promo,1772000
TRX01312,2026-03-04,Bandung,Smartphone,Smartphone Air,7567000,4,30268000,Debit,P,35.0,4.0,Saat Promo,3875000
TRX00991,2026-03-04,Surabaya,Laptop,Laptop ProBook,13860000,3,41580000,Debit,P,28.0,4.0,Saat Promo,1198000
TRX02030,2026-03-04,Bandung,Smartphone,Smartphone NovaLite,7959000,4,31836000,Debit,P,37.0,4.0,Saat Promo,4510000
TRX01383,2026-03-04,Malang,Aksesoris,Casing HP,427000,4,1708000,E-Wallet,L,,5.0,Saat Promo,4792000
TRX01407,2026-03-04,Bandung,Laptop,Laptop A14,11590000,5,57950000,E-Wallet,P,21.0,2.0,Saat Promo,1815000
TRX01711,2026-03-04,Malang,Laptop,Laptop UltraSlim,11544000,2,23088000,Kredit,P,30.0,4.0,Saat Promo,2406000
TRX01372,2026-03-04,Bandung,Smartphone,Smartphone Z5,5899000,4,23596000,E-Wallet,P,28.0,2.0,Saat Promo,3750000
TRX01757,2026-03-05,Jakarta,Smartphone,Smartphone NovaLite,4802000,5,24010000,Debit,L,39.0,4.0,Saat Promo,3180000
TRX01363,2026-03-05,Malang,Smartphone,Smartphone Z5,2206000,5,11030000,E-Wallet,L,43.0,4.0,Saat Promo,3409000
TRX00979,2026-03-05,Surabaya,Smartphone,Smartphone NovaLite,2157000,5,10785000,Kredit,L,31.0,4.0,Saat Promo,3522000
TRX00044,2026-03-06,Jakarta,Laptop,Laptop A14,14943000,6,89658000,E-Wallet,P,20.0,3.0,Saat Promo,3624000
TRX01831,2026-03-06,Surabaya,Smartphone,Smartphone MaxEdge,6280000,5,31400000,E-Wallet,P,36.0,4.0,Saat Promo,1493000
TRX01685,2026-03-06,Malang,Smartphone,Smartphone Z5,5228000,6,31368000,Debit,P,38.0,4.0,Saat Promo,1057000
TRX00521,2026-03-06,Malang,Aksesoris,Casing HP,233000,4,932000,Kredit,L,21.0,3.0,Saat Promo,1971000
TRX01925,2026-03-07,Surabaya,Smartphone,Smartphone MaxEdge,2230000,5,11150000,E-Wallet,L,47.0,5.0,Saat Promo,3566000
TRX02191,2026-03-07,Surabaya,Smartphone,Smartphone NovaLite,7040000,2,14080000,E-Wallet,P,41.0,3.0,Saat Promo,3534000
TRX01773,2026-03-07,Malang,Smartphone,Smartphone Z5,4922000,5,24610000,E-Wallet,P,24.0,5.0,Saat Promo,1589000
TRX01699,2026-03-07,Jakarta,Smartphone,Smartphone MaxEdge,5976000,4,23904000,Tunai,L,47.0,4.0,Saat Promo,2747000
TRX00053,2026-03-07,Malang,Laptop,Laptop UltraSlim,8769000,1,8769000,E-Wallet,P,36.0,4.0,Saat Promo,2391000
TRX02145,2026-03-07,Malang,Elektronik Rumah Tangga,TV LED 32in,3751000,3,11253000,Debit,P,30.0,4.0,Saat Promo,1078000
TRX00746,2026-03-07,Jakarta,Smartphone,Smartphone NovaLite,5931000,2,11862000,Debit,L,,5.0,Saat Promo,3740000
TRX00301,2026-03-07,Surabaya,Smartphone,Smartphone Air,1749000,4,6996000,E-Wallet,P,34.0,3.0,Saat Promo,1127000
TRX00194,2026-03-07,Surabaya,Aksesoris,Mouse Wireless,315000,5,1575000,Kredit,P,31.0,4.0,Saat Promo,4048000
TRX00998,2026-03-07,Surabaya,Smartphone,Smartphone MaxEdge,5487000,6,32922000,Debit,L,,4.0,Saat Promo,2612000
TRX01927,2026-03-07,Malang,Laptop,Laptop ProBook,12025000,6,72150000,Kredit,L,35.0,3.0,Saat Promo,2573000
TRX02053,2026-03-07,Surabaya,Aksesoris,Powerbank 10000mAh,308000,4,1232000,E-Wallet,P,23.0,3.0,Saat Promo,2734000
TRX00765,2026-03-07,Jakarta,Laptop,Laptop UltraSlim,12751000,4,51004000,Kredit,P,37.0,1.0,Saat Promo,3824000
TRX01572,2026-03-07,Surabaya,Laptop,Laptop A14,14413000,5,72065000,E-Wallet,L,35.0,5.0,Saat Promo,522000
TRX00063,2026-03-08,Jakarta,Smartphone,Smartphone MaxEdge,7229000,3,21687000,Tunai,P,39.0,3.0,Saat Promo,4626000
TRX01052,2026-03-08,Malang,Laptop,Laptop A14,7544000,6,45264000,Kredit,P,29.0,5.0,Saat Promo,1767000
TRX01271,2026-03-08,Surabaya,Smartphone,Smartphone NovaLite,7415000,4,29660000,E-Wallet,P,38.0,5.0,Saat Promo,1853000
TRX02056,2026-03-08,Surabaya,Elektronik Rumah Tangga,Kulkas 2 Pintu,1774000,3,5322000,Debit,P,33.0,4.0,Saat Promo,2687000
TRX00393,2026-03-08,Jakarta,Laptop,Laptop UltraSlim,9129000,1,9129000,Debit,L,40.0,4.0,Saat Promo,2711000
TRX01151,2026-03-08,Surabaya,Aksesoris,Casing HP,107000,6,642000,E-Wallet,P,31.0,4.0,Saat Promo,751000
TRX00201,2026-03-08,Malang,Smartphone,Smartphone Z5,6622000,5,33110000,Debit,L,24.0,3.0,Saat Promo,2568000
TRX01360,2026-03-08,Surabaya,Laptop,Laptop ProBook,8125000,7,56875000,Tunai,L,45.0,4.0,Saat Promo,326000
TRX00628,2026-03-08,Bandung,Aksesoris,Earphone Bluetooth,132000,4,528000,Debit,P,33.0,4.0,Saat Promo,4717000
TRX01138,2026-03-08,Surabaya,Laptop,Laptop ProBook,7669000,4,30676000,Debit,L,27.0,4.0,Saat Promo,898000
TRX00630,2026-03-08,Surabaya,Elektronik Rumah Tangga,Rice Cooker,1169000,3,3507000,E-Wallet,P,29.0,5.0,Saat Promo,4575000
TRX00068,2026-03-09,Surabaya,Aksesoris,Mouse Wireless,345000,5,1725000,Tunai,P,44.0,3.0,Saat Promo,3976000
TRX01937,2026-03-09,Jakarta,Laptop,Laptop ProBook,6398000,5,31990000,E-Wallet,P,40.0,4.0,Saat Promo,4041000
TRX00374,2026-03-09,Surabaya,Smartphone,Smartphone NovaLite,2589000,4,10356000,E-Wallet,P,35.0,4.0,Saat Promo,1444000
TRX01864,2026-03-09,Surabaya,Smartphone,Smartphone Z5,5038000,1,5038000,E-Wallet,P,27.0,5.0,Saat Promo,2449000
TRX00909,2026-03-09,Malang,Smartphone,Smartphone NovaLite,1828000,2,3656000,E-Wallet,L,31.0,5.0,Saat Promo,1467000
TRX01857,2026-03-09,Malang,Smartphone,Smartphone Z5,3796000,4,15184000,Debit,L,21.0,3.0,Saat Promo,1320000
TRX00498,2026-03-09,Malang,Aksesoris,Powerbank 10000mAh,171000,2,342000,Tunai,P,31.0,3.0,Saat Promo,2988000
TRX01044,2026-03-09,Jakarta,Laptop,Laptop ProBook,6806000,3,20418000,Kredit,L,,4.0,Saat Promo,1525000
TRX01967,2026-03-09,Surabaya,Smartphone,Smartphone NovaLite,2019000,2,4038000,Debit,P,24.0,4.0,Saat Promo,4581000
TRX00332,2026-03-09,Jakarta,Elektronik Rumah Tangga,Kulkas 2 Pintu,4812000,4,19248000,E-Wallet,P,35.0,5.0,Saat Promo,1099000
TRX00576,2026-03-09,Bandung,Smartphone,Smartphone MaxEdge,2480000,1,2480000,Tunai,L,38.0,5.0,Saat Promo,4229000
TRX00022,2026-03-09,Malang,Smartphone,Smartphone NovaLite,6124000,2,12248000,E-Wallet,L,22.0,4.0,Saat Promo,3890000
TRX01268,2026-03-09,Surabaya,Laptop,Laptop A14,12715000,2,25430000,Debit,P,28.0,,Saat Promo,481000
TRX00913,2026-03-10,Malang,Smartphone,Smartphone NovaLite,6420000,4,25680000,Tunai,L,40.0,2.0,Saat Promo,562000
TRX00379,2026-03-10,Surabaya,Smartphone,Smartphone Air,1591000,4,6364000,Debit,P,23.0,5.0,Saat Promo,4366000
TRX00634,2026-03-10,Malang,Laptop,Laptop X1,13634000,5,68170000,E-Wallet,L,33.0,3.0,Saat Promo,2370000
TRX00188,2026-03-10,Surabaya,Aksesoris,Casing HP,238000,2,476000,Debit,L,39.0,4.0,Saat Promo,475000
TRX01748,2026-03-10,Malang,Aksesoris,Mouse Wireless,472000,4,1888000,E-Wallet,P,34.0,3.0,Saat Promo,1139000
TRX01718,2026-03-10,Surabaya,Smartphone,Smartphone MaxEdge,5111000,4,20444000,Kredit,L,31.0,4.0,Saat Promo,3346000
TRX01945,2026-03-10,Jakarta,Smartphone,Smartphone NovaLite,5668000,7,39676000,Kredit,L,41.0,2.0,Saat Promo,2421000
TRX01772,2026-03-10,Surabaya,Smartphone,Smartphone Air,7923000,5,39615000,Debit,L,34.0,5.0,Saat Promo,334000
TRX00770,2026-03-10,Jakarta,Laptop,Laptop ProBook,12755000,2,25510000,E-Wallet,P,30.0,4.0,Saat Promo,1038000
TRX01159,2026-03-11,Malang,Laptop,Laptop A14,8565000,4,34260000,E-Wallet,P,56.0,5.0,Saat Promo,1892000
TRX01881,2026-03-11,Jakarta,Aksesoris,Powerbank 10000mAh,156000,7,1092000,E-Wallet,L,37.0,3.0,Saat Promo,2138000
TRX00614,2026-03-11,Bandung,Smartphone,Smartphone Z5,3126000,5,15630000,Debit,L,25.0,5.0,Saat Promo,4283000
TRX01761,2026-03-11,Surabaya,Laptop,Laptop A14,12459000,5,62295000,E-Wallet,P,,4.0,Saat Promo,3696000
TRX01468,2026-03-11,Malang,Smartphone,Smartphone Air,3886000,6,23316000,E-Wallet,P,28.0,4.0,Saat Promo,613000
TRX01385,2026-03-11,Jakarta,Elektronik Rumah Tangga,Kipas Angin,2479000,5,12395000,Kredit,P,46.0,4.0,Saat Promo,1322000
TRX01285,2026-03-11,Malang,Aksesoris,Earphone Bluetooth,499000,5,2495000,E-Wallet,L,44.0,4.0,Saat Promo,4590000
TRX01593,2026-03-11,Bandung,Smartphone,Smartphone MaxEdge,2581000,3,7743000,Tunai,L,19.0,5.0,Saat Promo,1729000
TRX00758,2026-03-11,Malang,Elektronik Rumah Tangga,Rice Cooker,2859000,6,17154000,Debit,P,38.0,1.0,Saat Promo,3478000
TRX01017,2026-03-11,Malang,Elektronik Rumah Tangga,Rice Cooker,3617000,1,3617000,E-Wallet,P,31.0,,Saat Promo,2669000
TRX00809,2026-03-12,Jakarta,Elektronik Rumah Tangga,Rice Cooker,5044000,7,35308000,Debit,P,32.0,4.0,Saat Promo,1141000
TRX00094,2026-03-12,Bandung,Laptop,Laptop A14,11003000,5,55015000,E-Wallet,L,35.0,5.0,Saat Promo,2164000
TRX01173,2026-03-12,Jakarta,Aksesoris,Mouse Wireless,155000,6,930000,Kredit,L,25.0,3.0,Saat Promo,1142000
TRX01066,2026-03-12,Malang,Laptop,Laptop A14,12330000,5,61650000,E-Wallet,L,31.0,4.0,Saat Promo,3407000
TRX01629,2026-03-12,Surabaya,Aksesoris,Powerbank 10000mAh,83000,2,166000,E-Wallet,P,26.0,4.0,Saat Promo,4502000
TRX01478,2026-03-13,Bandung,Laptop,Laptop A14,5425000,3,16275000,E-Wallet,P,20.0,4.0,Saat Promo,3914000
TRX01774,2026-03-13,Malang,Smartphone,Smartphone MaxEdge,1778000,5,8890000,Kredit,P,,,Saat Promo,1530000
TRX00440,2026-03-13,Surabaya,Smartphone,Smartphone MaxEdge,5631000,4,22524000,Debit,P,22.0,5.0,Saat Promo,2153000
TRX01352,2026-03-13,Jakarta,Aksesoris,Mouse Wireless,92000,2,184000,Kredit,P,30.0,5.0,Saat Promo,885000
TRX01666,2026-03-13,Bandung,Laptop,Laptop X1,8040000,2,16080000,E-Wallet,P,42.0,3.0,Saat Promo,3724000
TRX01320,2026-03-13,Bandung,Smartphone,Smartphone Air,5196000,5,25980000,Debit,L,29.0,4.0,Saat Promo,3918000
TRX01921,2026-03-13,Surabaya,Laptop,Laptop UltraSlim,14883000,6,89298000,Debit,P,39.0,5.0,Saat Promo,4617000
TRX01283,2026-03-13,Malang,Aksesoris,Earphone Bluetooth,360000,3,1080000,Debit,P,33.0,2.0,Saat Promo,4516000
TRX01694,2026-03-13,Bandung,Smartphone,Smartphone Air,4784000,7,33488000,Debit,P,29.0,,Saat Promo,2616000
TRX01094,2026-03-13,Malang,Aksesoris,Powerbank 10000mAh,349000,1,349000,Debit,L,22.0,5.0,Saat Promo,4568000
TRX00552,2026-03-13,Malang,Smartphone,Smartphone Air,6772000,4,27088000,Kredit,L,,4.0,Saat Promo,2550000
TRX02059,2026-03-13,Bandung,Smartphone,Smartphone Air,1500000,4,6000000,Tunai,L,40.0,4.0,Saat Promo,2588000
TRX02012,2026-03-13,Malang,Smartphone,Smartphone Air,5572000,1,5572000,E-Wallet,P,29.0,4.0,Saat Promo,4518000
TRX02003,2026-03-13,Bandung,Aksesoris,Mouse Wireless,313000,2,626000,Tunai,P,36.0,3.0,Saat Promo,3973000
TRX01754,2026-03-13,Surabaya,Laptop,Laptop ProBook,10819000,2,21638000,E-Wallet,L,27.0,4.0,Saat Promo,2862000
TRX02140,2026-03-14,Surabaya,Laptop,Laptop A14,7507000,6,45042000,E-Wallet,L,30.0,4.0,Saat Promo,1194000
TRX02134,2026-03-14,Malang,Smartphone,Smartphone NovaLite,6025000,6,36150000,Tunai,P,61.0,4.0,Saat Promo,3854000
TRX02073,2026-03-14,Jakarta,Laptop,Laptop UltraSlim,5728000,5,28640000,Debit,L,27.0,3.0,Saat Promo,3596000
TRX02060,2026-03-14,Surabaya,Aksesoris,Earphone Bluetooth,295000,3,885000,Kredit,P,38.0,4.0,Saat Promo,4301000
TRX00957,2026-03-14,Bandung,Laptop,Laptop X1,8465000,5,42325000,Tunai,P,42.0,4.0,Saat Promo,2442000
TRX00027,2026-03-14,Surabaya,Smartphone,Smartphone MaxEdge,5498000,7,38486000,E-Wallet,P,39.0,4.0,Saat Promo,2631000
TRX02163,2026-03-14,Malang,Laptop,Laptop A14,5421000,4,21684000,E-Wallet,P,20.0,,Saat Promo,1302000
TRX01847,2026-03-14,Surabaya,Elektronik Rumah Tangga,Kipas Angin,2574000,5,12870000,Kredit,P,39.0,3.0,Saat Promo,2448000
TRX01302,2026-03-14,Jakarta,Elektronik Rumah Tangga,Rice Cooker,3512000,6,21072000,Debit,P,33.0,4.0,Saat Promo,3413000
TRX01956,2026-03-14,Surabaya,Elektronik Rumah Tangga,Kulkas 2 Pintu,2080000,5,10400000,E-Wallet,L,50.0,,Saat Promo,511000
TRX01168,2026-03-14,Surabaya,Aksesoris,Mouse Wireless,61000,3,183000,E-Wallet,L,35.0,3.0,Saat Promo,3624000
TRX02076,2026-03-15,Malang,Aksesoris,Powerbank 10000mAh,63000,4,252000,E-Wallet,P,32.0,4.0,Reguler,1940000
TRX01875,2026-03-15,Surabaya,Laptop,Laptop X1,5674000,3,17022000,E-Wallet,P,40.0,5.0,Reguler,945000
TRX00585,2026-03-15,Malang,Elektronik Rumah Tangga,Kulkas 2 Pintu,4326000,5,21630000,Tunai,P,38.0,4.0,Reguler,366000
TRX00164,2026-03-15,Bandung,Smartphone,Smartphone MaxEdge,5987000,4,23948000,E-Wallet,L,34.0,4.0,Reguler,2715000
TRX01688,2026-03-15,Surabaya,Laptop,Laptop ProBook,7294000,2,14588000,Tunai,P,36.0,5.0,Reguler,2559000
TRX00144,2026-03-15,Malang,Smartphone,Smartphone MaxEdge,4025000,1,4025000,Kredit,P,40.0,5.0,Reguler,1810000
TRX01340,2026-03-15,Jakarta,Laptop,Laptop ProBook,12169000,5,60845000,Kredit,L,39.0,4.0,Reguler,1399000
TRX00687,2026-03-15,Surabaya,Laptop,Laptop X1,8695000,2,17390000,Debit,L,43.0,4.0,Reguler,1066000
TRX00942,2026-03-15,Jakarta,Aksesoris,Mouse Wireless,497000,5,2485000,E-Wallet,P,26.0,4.0,Reguler,1286000
TRX01131,2026-03-15,Surabaya,Smartphone,Smartphone NovaLite,6212000,2,12424000,E-Wallet,P,41.0,3.0,Reguler,2690000
TRX00962,2026-03-15,Malang,Elektronik Rumah Tangga,Kipas Angin,4524000,1,4524000,E-Wallet,P,30.0,3.0,Reguler,2074000
TRX01866,2026-03-15,Surabaya,Aksesoris,Casing HP,365000,2,730000,E-Wallet,L,37.0,4.0,Reguler,961000
TRX00065,2026-03-16,Malang,Smartphone,Smartphone MaxEdge,3403000,5,17015000,Kredit,L,33.0,5.0,Reguler,1047000
TRX00373,2026-03-16,Malang,Smartphone,Smartphone Z5,5548000,1,5548000,Kredit,L,41.0,3.0,Reguler,801000
TRX00496,2026-03-16,Jakarta,Aksesoris,Mouse Wireless,376000,1,376000,E-Wallet,P,36.0,5.0,Reguler,2598000
TRX01835,2026-03-16,Jakarta,Elektronik Rumah Tangga,Kulkas 2 Pintu,842000,3,2526000,Kredit,L,37.0,4.0,Reguler,1598000
TRX01762,2026-03-16,Surabaya,Laptop,Laptop A14,6471000,4,25884000,Tunai,P,18.0,4.0,Reguler,2427000
TRX00163,2026-03-16,Surabaya,Laptop,Laptop A14,7297000,5,36485000,Debit,L,44.0,3.0,Reguler,2844000
TRX00907,2026-03-16,Surabaya,Laptop,Laptop A14,6322000,5,31610000,Kredit,L,43.0,5.0,Reguler,1641000
TRX01495,2026-03-16,Malang,Smartphone,Smartphone NovaLite,6551000,3,19653000,Kredit,L,22.0,2.0,Reguler,2230000
TRX01252,2026-03-16,Bandung,Aksesoris,Casing HP,206000,3,618000,Tunai,P,41.0,5.0,Reguler,1056000
TRX02017,2026-03-16,Malang,Laptop,Laptop X1,12988000,5,64940000,Kredit,L,39.0,2.0,Reguler,1703000
TRX01584,2026-03-16,Surabaya,Smartphone,Smartphone Air,3009000,3,9027000,E-Wallet,L,47.0,5.0,Reguler,2904000
TRX00960,2026-03-16,Malang,Smartphone,Smartphone MaxEdge,3745000,1,3745000,Kredit,L,28.0,2.0,Reguler,1684000
TRX01888,2026-03-16,Surabaya,Smartphone,Smartphone Air,5008000,4,20032000,E-Wallet,P,50.0,,Reguler,745000
TRX02192,2026-03-16,Jakarta,Aksesoris,Powerbank 10000mAh,456000,5,2280000,E-Wallet,P,25.0,4.0,Reguler,2651000
TRX01719,2026-03-16,Surabaya,Aksesoris,Casing HP,163000,3,489000,E-Wallet,P,37.0,5.0,Reguler,2704000
TRX00624,2026-03-17,Surabaya,Elektronik Rumah Tangga,TV LED 32in,4348000,3,13044000,Debit,P,28.0,5.0,Reguler,378000
TRX01635,2026-03-17,Malang,Aksesoris,Earphone Bluetooth,305000,2,610000,Tunai,P,25.0,4.0,Reguler,1979000
TRX00972,2026-03-17,Surabaya,Smartphone,Smartphone Air,3577000,2,7154000,E-Wallet,L,39.0,4.0,Reguler,1690000
TRX01480,2026-03-17,Bandung,Aksesoris,Powerbank 10000mAh,81000,2,162000,E-Wallet,P,28.0,4.0,Reguler,1861000
TRX00732,2026-03-17,Bandung,Smartphone,Smartphone NovaLite,7296000,2,14592000,E-Wallet,P,33.0,4.0,Reguler,2312000
TRX01485,2026-03-17,Malang,Elektronik Rumah Tangga,Kulkas 2 Pintu,3405000,4,13620000,Tunai,P,31.0,,Reguler,2286000
TRX00248,2026-03-17,Surabaya,Elektronik Rumah Tangga,Rice Cooker,2790000,3,8370000,Tunai,L,18.0,,Reguler,1318000
TRX01678,2026-03-17,Surabaya,Laptop,Laptop X1,14469000,5,72345000,Kredit,P,45.0,4.0,Reguler,1251000
TRX00425,2026-03-17,Jakarta,Aksesoris,Earphone Bluetooth,240000,5,1200000,Kredit,L,27.0,4.0,Reguler,1523000
TRX00929,2026-03-17,Surabaya,Smartphone,Smartphone MaxEdge,1942000,5,9710000,Kredit,L,42.0,5.0,Reguler,1755000
TRX00275,2026-03-17,Bandung,Smartphone,Smartphone MaxEdge,2438000,5,12190000,E-Wallet,P,23.0,5.0,Reguler,422000
TRX01079,2026-03-17,Malang,Elektronik Rumah Tangga,Kulkas 2 Pintu,1228000,3,3684000,Debit,L,43.0,4.0,Reguler,953000
TRX00165,2026-03-17,Surabaya,Aksesoris,Powerbank 10000mAh,340000,3,1020000,E-Wallet,P,28.0,4.0,Reguler,1442000
TRX00464,2026-03-17,Bandung,Laptop,Laptop ProBook,14322000,1,14322000,Tunai,L,54.0,3.0,Reguler,2857000
TRX01191,2026-03-17,Bandung,Smartphone,Smartphone MaxEdge,4841000,3,14523000,E-Wallet,L,29.0,5.0,Reguler,2906000
TRX01309,2026-03-17,Surabaya,Laptop,Laptop ProBook,9964000,1,9964000,Debit,P,40.0,4.0,Reguler,958000
TRX00572,2026-03-17,Jakarta,Laptop,Laptop UltraSlim,12877000,4,51508000,Debit,P,37.0,4.0,Reguler,281000
TRX02070,2026-03-17,Jakarta,Smartphone,Smartphone NovaLite,3701000,5,18505000,E-Wallet,L,25.0,5.0,Reguler,1513000
TRX01225,2026-03-17,Malang,Aksesoris,Mouse Wireless,324000,5,1620000,Tunai,P,30.0,3.0,Reguler,933000
TRX01043,2026-03-17,Jakarta,Smartphone,Smartphone MaxEdge,7081000,3,21243000,Debit,L,32.0,3.0,Reguler,1215000
TRX01185,2026-03-18,Malang,Elektronik Rumah Tangga,Kulkas 2 Pintu,5466000,1,5466000,Debit,L,38.0,3.0,Reguler,1149000
TRX01059,2026-03-18,Surabaya,Smartphone,Smartphone Air,1689000,2,3378000,Debit,P,32.0,,Reguler,1456000
TRX01374,2026-03-18,Surabaya,Smartphone,Smartphone Z5,7416000,3,22248000,Kredit,L,26.0,,Reguler,2701000
TRX00777,2026-03-18,Malang,Aksesoris,Powerbank 10000mAh,261000,1,261000,Tunai,P,29.0,,Reguler,2922000
TRX01333,2026-03-18,Surabaya,Smartphone,Smartphone MaxEdge,7486000,2,14972000,Debit,L,31.0,3.0,Reguler,752000
TRX01841,2026-03-18,Bandung,Aksesoris,Powerbank 10000mAh,446000,1,446000,E-Wallet,P,34.0,4.0,Reguler,462000
TRX01437,2026-03-19,Jakarta,Aksesoris,Powerbank 10000mAh,166000,4,664000,Debit,L,53.0,4.0,Reguler,286000
TRX00500,2026-03-19,Malang,Smartphone,Smartphone Z5,2013000,5,10065000,E-Wallet,L,25.0,5.0,Reguler,2307000
TRX01687,2026-03-19,Jakarta,Aksesoris,Casing HP,467000,5,2335000,Kredit,L,24.0,4.0,Reguler,814000
TRX00547,2026-03-19,Malang,Aksesoris,Mouse Wireless,106000,2,212000,Kredit,P,42.0,2.0,Reguler,1140000
TRX01153,2026-03-19,Surabaya,Aksesoris,Earphone Bluetooth,324000,4,1296000,Tunai,P,25.0,3.0,Reguler,2526000
TRX00954,2026-03-19,Jakarta,Smartphone,Smartphone NovaLite,6757000,5,33785000,E-Wallet,L,24.0,4.0,Reguler,1389000
TRX00238,2026-03-20,Surabaya,Smartphone,Smartphone Z5,7867000,2,15734000,Debit,L,26.0,4.0,Reguler,550000
TRX01496,2026-03-20,Bandung,Laptop,Laptop ProBook,6883000,5,34415000,Tunai,L,48.0,2.0,Reguler,2944000
TRX01741,2026-03-20,Jakarta,Laptop,Laptop A14,9346000,5,46730000,Debit,L,34.0,4.0,Reguler,2610000
TRX00994,2026-03-20,Malang,Smartphone,Smartphone Air,5511000,5,27555000,Debit,P,23.0,2.0,Reguler,2975000
TRX02007,2026-03-20,Surabaya,Elektronik Rumah Tangga,Rice Cooker,2328000,1,2328000,Tunai,L,36.0,4.0,Reguler,2701000
TRX00091,2026-03-20,Surabaya,Laptop,Laptop A14,5663000,4,22652000,Debit,L,62.0,,Reguler,2923000
TRX00155,2026-03-20,Malang,Elektronik Rumah Tangga,Rice Cooker,1042000,5,5210000,Debit,P,44.0,5.0,Reguler,616000
TRX00005,2026-03-20,Malang,Aksesoris,Casing HP,187000,1,187000,E-Wallet,P,39.0,5.0,Reguler,1161000
TRX01924,2026-03-20,Surabaya,Laptop,Laptop X1,9190000,1,9190000,Debit,P,30.0,3.0,Reguler,1266000
TRX01444,2026-03-20,Malang,Smartphone,Smartphone Z5,3897000,5,19485000,Debit,L,,5.0,Reguler,993000
TRX01100,2026-03-20,Jakarta,Aksesoris,Earphone Bluetooth,181000,4,724000,Kredit,L,33.0,5.0,Reguler,2363000
TRX00621,2026-03-20,Malang,Laptop,Laptop X1,10215000,4,40860000,Kredit,P,29.0,3.0,Reguler,361000
TRX00795,2026-03-20,Surabaya,Laptop,Laptop X1,12642000,4,50568000,Kredit,P,31.0,,Reguler,708000
TRX00407,2026-03-20,Jakarta,Smartphone,Smartphone NovaLite,3067000,2,6134000,Debit,P,32.0,4.0,Reguler,851000
TRX00473,2026-03-20,Surabaya,Aksesoris,Powerbank 10000mAh,442000,1,442000,Kredit,L,45.0,5.0,Reguler,2048000
TRX00354,2026-03-20,Bandung,Laptop,Laptop UltraSlim,6329000,1,6329000,Debit,P,26.0,,Reguler,1751000
TRX00435,2026-03-20,Malang,Laptop,Laptop ProBook,10665000,2,21330000,Kredit,P,42.0,5.0,Reguler,1630000
TRX00633,2026-03-20,Jakarta,Smartphone,Smartphone Air,5467000,5,27335000,Tunai,L,26.0,3.0,Reguler,2705000
TRX01220,2026-03-21,Bandung,Laptop,Laptop A14,10226000,1,10226000,Debit,P,43.0,5.0,Reguler,2505000
TRX02078,2026-03-21,Surabaya,Aksesoris,Earphone Bluetooth,212000,1,212000,E-Wallet,P,18.0,2.0,Reguler,400000
TRX00082,2026-03-21,Malang,Elektronik Rumah Tangga,Kulkas 2 Pintu,2716000,1,2716000,E-Wallet,L,51.0,5.0,Reguler,2655000
TRX02135,2026-03-21,Malang,Aksesoris,Earphone Bluetooth,436000,5,2180000,Tunai,L,46.0,5.0,Reguler,2066000
TRX00121,2026-03-21,Malang,Elektronik Rumah Tangga,Rice Cooker,3715000,4,14860000,E-Wallet,P,24.0,4.0,Reguler,2694000
TRX00004,2026-03-21,Jakarta,Elektronik Rumah Tangga,Kulkas 2 Pintu,3107000,3,9321000,E-Wallet,L,28.0,5.0,Reguler,989000
TRX01039,2026-03-21,Jakarta,Smartphone,Smartphone Z5,5588000,2,11176000,Debit,P,32.0,5.0,Reguler,313000
TRX00285,2026-03-21,Bandung,Elektronik Rumah Tangga,Kulkas 2 Pintu,2235000,1,2235000,E-Wallet,P,30.0,5.0,Reguler,2712000
TRX01418,2026-03-21,Malang,Smartphone,Smartphone Air,7114000,1,7114000,E-Wallet,P,46.0,4.0,Reguler,2339000
TRX01992,2026-03-21,Bandung,Smartphone,Smartphone Z5,5668000,4,22672000,E-Wallet,L,40.0,4.0,Reguler,2174000
TRX00298,2026-03-21,Bandung,Elektronik Rumah Tangga,Rice Cooker,1601000,4,6404000,Kredit,L,37.0,4.0,Reguler,1234000
TRX00756,2026-03-21,Bandung,Aksesoris,Mouse Wireless,66000,4,264000,Kredit,P,49.0,2.0,Reguler,970000
TRX00140,2026-03-21,Malang,Smartphone,Smartphone Z5,2876000,3,8628000,Kredit,P,31.0,4.0,Reguler,2851000
TRX01293,2026-03-22,Surabaya,Aksesoris,Casing HP,363000,3,1089000,Tunai,L,27.0,5.0,Reguler,1027000
TRX00219,2026-03-22,Jakarta,Smartphone,Smartphone Z5,7428000,2,14856000,Kredit,L,23.0,,Reguler,2225000
TRX00689,2026-03-22,Bandung,Elektronik Rumah Tangga,Kulkas 2 Pintu,1617000,2,3234000,E-Wallet,L,23.0,3.0,Reguler,1093000
TRX01729,2026-03-22,Jakarta,Smartphone,Smartphone Air,7985000,2,15970000,E-Wallet,P,29.0,1.0,Reguler,1747000
TRX00047,2026-03-22,Jakarta,Aksesoris,Earphone Bluetooth,322000,3,966000,E-Wallet,P,,4.0,Reguler,2235000
TRX00186,2026-03-22,Bandung,Aksesoris,Casing HP,120000,4,480000,Kredit,L,43.0,4.0,Reguler,1965000
TRX00030,2026-03-22,Bandung,Laptop,Laptop A14,10456000,5,52280000,Debit,L,28.0,,Reguler,2299000
TRX00869,2026-03-22,Surabaya,Smartphone,Smartphone MaxEdge,7119000,4,28476000,Debit,L,37.0,5.0,Reguler,1605000
TRX00935,2026-03-22,Malang,Laptop,Laptop X1,13575000,4,54300000,Debit,L,38.0,3.0,Reguler,1003000
TRX01263,2026-03-22,Surabaya,Smartphone,Smartphone Air,3785000,2,7570000,E-Wallet,P,35.0,4.0,Reguler,1664000
TRX00267,2026-03-22,Malang,Elektronik Rumah Tangga,Kulkas 2 Pintu,3759000,1,3759000,E-Wallet,L,48.0,5.0,Reguler,1503000
TRX02157,2026-03-22,Malang,Laptop,Laptop X1,14344000,2,28688000,Kredit,L,31.0,5.0,Reguler,2939000
TRX00923,2026-03-22,Malang,Smartphone,Smartphone NovaLite,4742000,2,9484000,Tunai,L,40.0,5.0,Reguler,2558000
TRX00800,2026-03-22,Malang,Elektronik Rumah Tangga,Rice Cooker,5919000,4,23676000,E-Wallet,L,44.0,4.0,Reguler,1293000
TRX01643,2026-03-22,Malang,Smartphone,Smartphone Z5,5528000,2,11056000,E-Wallet,P,45.0,5.0,Reguler,424000
TRX02146,2026-03-22,Surabaya,Smartphone,Smartphone Z5,3016000,3,9048000,Tunai,P,,5.0,Reguler,288000
TRX01373,2026-03-23,Jakarta,Laptop,Laptop UltraSlim,13836000,2,27672000,Debit,P,30.0,4.0,Reguler,2998000
TRX01331,2026-03-23,Jakarta,Smartphone,Smartphone Air,5803000,5,29015000,E-Wallet,P,35.0,4.0,Reguler,1090000
TRX01319,2026-03-23,Malang,Smartphone,Smartphone Air,3132000,5,15660000,E-Wallet,P,33.0,3.0,Reguler,2002000
TRX02040,2026-03-23,Surabaya,Smartphone,Smartphone NovaLite,6724000,2,13448000,E-Wallet,P,31.0,5.0,Reguler,2595000
TRX01473,2026-03-23,Jakarta,Laptop,Laptop A14,8612000,1,8612000,E-Wallet,P,25.0,5.0,Reguler,1072000
TRX01057,2026-03-23,Malang,Elektronik Rumah Tangga,Kipas Angin,5558000,4,22232000,Tunai,P,34.0,5.0,Reguler,2752000
TRX00883,2026-03-23,Bandung,Aksesoris,Mouse Wireless,78000,2,156000,Debit,L,32.0,3.0,Reguler,1341000
TRX00020,2026-03-23,Bandung,Smartphone,Smartphone Air,1567000,4,6268000,Debit,P,41.0,5.0,Reguler,365000
TRX00031,2026-03-23,Bandung,Elektronik Rumah Tangga,Kipas Angin,1444000,3,4332000,Tunai,P,22.0,2.0,Reguler,2506000
TRX01092,2026-03-23,Surabaya,Aksesoris,Earphone Bluetooth,306000,3,918000,E-Wallet,P,22.0,4.0,Reguler,1363000
TRX01184,2026-03-23,Jakarta,Laptop,Laptop UltraSlim,7473000,3,22419000,Tunai,P,36.0,4.0,Reguler,2151000
TRX00214,2026-03-23,Malang,Elektronik Rumah Tangga,TV LED 32in,1602000,1,1602000,E-Wallet,L,43.0,1.0,Reguler,1885000
TRX01919,2026-03-23,Surabaya,Smartphone,Smartphone MaxEdge,2653000,5,13265000,E-Wallet,L,,,Reguler,2202000
TRX01890,2026-03-23,Jakarta,Smartphone,Smartphone Air,1964000,4,7856000,Debit,P,29.0,4.0,Reguler,1413000
TRX02047,2026-03-23,Jakarta,Aksesoris,Mouse Wireless,229000,2,458000,Kredit,L,,3.0,Reguler,676000
TRX01368,2026-03-24,Surabaya,Smartphone,Smartphone MaxEdge,3880000,5,19400000,E-Wallet,P,44.0,5.0,Reguler,906000
TRX02004,2026-03-24,Jakarta,Smartphone,Smartphone Z5,4079000,3,12237000,E-Wallet,L,31.0,,Reguler,714000
TRX01803,2026-03-24,Malang,Laptop,Laptop UltraSlim,14595000,3,43785000,Debit,P,24.0,5.0,Reguler,755000
TRX00537,2026-03-24,Surabaya,Aksesoris,Earphone Bluetooth,251000,5,1255000,E-Wallet,L,32.0,4.0,Reguler,2928000
TRX00916,2026-03-24,Surabaya,Laptop,Laptop A14,12366000,5,61830000,E-Wallet,P,38.0,1.0,Reguler,677000
TRX01743,2026-03-24,Surabaya,Smartphone,Smartphone Z5,4365000,2,8730000,Tunai,P,33.0,4.0,Reguler,949000
TRX00798,2026-03-24,Malang,Aksesoris,Powerbank 10000mAh,128000,3,384000,E-Wallet,L,29.0,,Reguler,2963000
TRX00792,2026-03-24,Jakarta,Aksesoris,Earphone Bluetooth,423000,3,1269000,E-Wallet,P,,5.0,Reguler,1686000
TRX00871,2026-03-24,Surabaya,Elektronik Rumah Tangga,Kulkas 2 Pintu,886000,4,3544000,Tunai,L,38.0,2.0,Reguler,2259000
TRX01566,2026-03-24,Jakarta,Laptop,Laptop ProBook,10387000,3,31161000,E-Wallet,L,32.0,4.0,Reguler,378000
TRX01458,2026-03-24,Malang,Elektronik Rumah Tangga,Kulkas 2 Pintu,1286000,4,5144000,E-Wallet,P,32.0,5.0,Reguler,2575000
TRX01555,2026-03-24,Surabaya,Laptop,Laptop A14,9095000,3,27285000,E-Wallet,P,38.0,3.0,Reguler,986000
TRX00506,2026-03-24,Malang,Laptop,Laptop UltraSlim,14094000,5,70470000,E-Wallet,P,44.0,5.0,Reguler,1842000
TRX00833,2026-03-24,Jakarta,Smartphone,Smartphone NovaLite,4505000,5,22525000,E-Wallet,L,33.0,5.0,Reguler,1218000
TRX00222,2026-03-24,Surabaya,Elektronik Rumah Tangga,Rice Cooker,4562000,5,22810000,E-Wallet,L,27.0,5.0,Reguler,1867000
TRX02180,2026-03-24,Malang,Elektronik Rumah Tangga,Kulkas 2 Pintu,5204000,1,5204000,Debit,P,41.0,,Reguler,425000
TRX00205,2026-03-24,Jakarta,Aksesoris,Casing HP,75000,1,75000,E-Wallet,P,25.0,5.0,Reguler,2166000
TRX01853,2026-03-24,Malang,Smartphone,Smartphone MaxEdge,7997000,1,7997000,E-Wallet,P,42.0,,Reguler,2886000
TRX00485,2026-03-25,Jakarta,Smartphone,Smartphone MaxEdge,3772000,1,3772000,E-Wallet,P,23.0,3.0,Reguler,2241000
TRX00647,2026-03-25,Jakarta,Laptop,Laptop X1,14933000,2,29866000,Debit,L,24.0,4.0,Reguler,268000
TRX02189,2026-03-25,Malang,Smartphone,Smartphone NovaLite,4768000,4,19072000,Kredit,L,,5.0,Reguler,2936000
TRX01213,2026-03-25,Surabaya,Elektronik Rumah Tangga,Kulkas 2 Pintu,1345000,2,2690000,Tunai,L,35.0,,Reguler,2855000
TRX00231,2026-03-25,Jakarta,Laptop,Laptop UltraSlim,9544000,5,47720000,Tunai,P,37.0,1.0,Reguler,1679000
TRX01520,2026-03-25,Bandung,Smartphone,Smartphone MaxEdge,2246000,5,11230000,Debit,L,20.0,5.0,Reguler,1169000
TRX00612,2026-03-25,Surabaya,Smartphone,Smartphone NovaLite,2879000,5,14395000,Kredit,P,35.0,4.0,Reguler,779000
TRX00114,2026-03-25,Surabaya,Laptop,Laptop A14,11400000,3,34200000,Tunai,L,30.0,5.0,Reguler,668000
TRX00176,2026-03-25,Surabaya,Smartphone,Smartphone Z5,5583000,2,11166000,Debit,L,29.0,1.0,Reguler,2767000
TRX02020,2026-03-25,Malang,Smartphone,Smartphone MaxEdge,4689000,1,4689000,E-Wallet,P,,3.0,Reguler,2698000
TRX00939,2026-03-25,Jakarta,Smartphone,Smartphone MaxEdge,6231000,5,31155000,Debit,L,30.0,4.0,Reguler,1853000
TRX00073,2026-03-25,Malang,Elektronik Rumah Tangga,Rice Cooker,1043000,4,4172000,E-Wallet,L,18.0,,Reguler,819000
TRX00335,2026-03-25,Malang,Smartphone,Smartphone MaxEdge,4732000,2,9464000,Debit,P,18.0,4.0,Reguler,289000
TRX00905,2026-03-25,Malang,Aksesoris,Mouse Wireless,279000,4,1116000,E-Wallet,P,30.0,5.0,Reguler,496000
TRX01697,2026-03-26,Jakarta,Laptop,Laptop X1,13553000,3,40659000,Debit,L,29.0,3.0,Reguler,2049000
TRX01075,2026-03-26,Surabaya,Smartphone,Smartphone MaxEdge,2672000,1,2672000,E-Wallet,P,33.0,4.0,Reguler,1065000
TRX01499,2026-03-26,Bandung,Aksesoris,Earphone Bluetooth,237000,4,948000,E-Wallet,L,35.0,4.0,Reguler,467000
TRX00054,2026-03-26,Malang,Smartphone,Smartphone MaxEdge,2926000,5,14630000,Tunai,L,37.0,5.0,Reguler,2618000
TRX01802,2026-03-26,Bandung,Smartphone,Smartphone Z5,4056000,2,8112000,Debit,P,44.0,5.0,Reguler,2752000
TRX00070,2026-03-26,Malang,Smartphone,Smartphone Air,4476000,3,13428000,Tunai,L,36.0,4.0,Reguler,1729000
TRX01768,2026-03-26,Surabaya,Smartphone,Smartphone Air,1945000,5,9725000,Debit,P,23.0,3.0,Reguler,2436000
TRX00710,2026-03-26,Malang,Aksesoris,Casing HP,194000,5,970000,Tunai,L,30.0,5.0,Reguler,224000
TRX01102,2026-03-26,Bandung,Aksesoris,Powerbank 10000mAh,120000,5,600000,E-Wallet,L,33.0,5.0,Reguler,847000
TRX00474,2026-03-26,Jakarta,Aksesoris,Powerbank 10000mAh,242000,1,242000,E-Wallet,L,30.0,2.0,Reguler,1037000
TRX02077,2026-03-26,Bandung,Smartphone,Smartphone NovaLite,2272000,1,2272000,Tunai,P,38.0,,Reguler,774000
TRX01968,2026-03-26,Malang,Elektronik Rumah Tangga,Kipas Angin,4981000,3,14943000,E-Wallet,P,52.0,3.0,Reguler,803000
TRX00277,2026-03-26,Jakarta,Aksesoris,Mouse Wireless,82000,3,246000,Debit,P,34.0,4.0,Reguler,1283000
TRX01248,2026-03-26,Jakarta,Smartphone,Smartphone Z5,7515000,3,22545000,Kredit,P,42.0,4.0,Reguler,2987000
TRX01954,2026-03-26,Jakarta,Aksesoris,Powerbank 10000mAh,170000,3,510000,Tunai,L,39.0,3.0,Reguler,2249000
TRX00367,2026-03-26,Surabaya,Laptop,Laptop ProBook,8834000,4,35336000,Debit,L,49.0,2.0,Reguler,2884000
TRX00109,2026-03-27,Malang,Smartphone,Smartphone Z5,3384000,5,16920000,Debit,P,26.0,2.0,Reguler,2300000
TRX01712,2026-03-27,Bandung,Smartphone,Smartphone Air,2567000,3,7701000,Debit,L,,4.0,Reguler,510000
TRX00124,2026-03-27,Jakarta,Smartphone,Smartphone Z5,2077000,4,8308000,Debit,P,49.0,4.0,Reguler,2186000
TRX00290,2026-03-27,Malang,Smartphone,Smartphone Z5,3195000,2,6390000,E-Wallet,L,25.0,5.0,Reguler,2595000
TRX02026,2026-03-27,Malang,Laptop,Laptop ProBook,13837000,5,69185000,Debit,P,52.0,,Reguler,1411000
TRX01789,2026-03-27,Malang,Elektronik Rumah Tangga,TV LED 32in,2456000,3,7368000,Debit,P,,4.0,Reguler,2366000
TRX01431,2026-03-27,Jakarta,Smartphone,Smartphone NovaLite,7580000,3,22740000,E-Wallet,P,40.0,4.0,Reguler,2155000
TRX00974,2026-03-27,Bandung,Elektronik Rumah Tangga,Kipas Angin,1693000,4,6772000,Tunai,L,23.0,4.0,Reguler,2128000
TRX00944,2026-03-27,Bandung,Smartphone,Smartphone Air,4586000,3,13758000,E-Wallet,L,33.0,3.0,Reguler,1030000
TRX01541,2026-03-28,Jakarta,Elektronik Rumah Tangga,TV LED 32in,3571000,4,14284000,Tunai,P,28.0,4.0,Reguler,2001000
TRX00785,2026-03-28,Surabaya,Smartphone,Smartphone Air,1969000,4,7876000,E-Wallet,P,32.0,4.0,Reguler,1066000
TRX01795,2026-03-28,Bandung,Elektronik Rumah Tangga,Kulkas 2 Pintu,3225000,1,3225000,Kredit,P,46.0,4.0,Reguler,2094000
TRX01799,2026-03-28,Jakarta,Aksesoris,Mouse Wireless,469000,1,469000,Kredit,P,33.0,5.0,Reguler,687000
TRX01508,2026-03-28,Malang,Smartphone,Smartphone NovaLite,6302000,2,12604000,E-Wallet,L,40.0,2.0,Reguler,1189000
TRX00076,2026-03-28,Jakarta,Smartphone,Smartphone MaxEdge,5970000,1,5970000,Kredit,P,31.0,4.0,Reguler,1254000
TRX00709,2026-03-28,Surabaya,Laptop,Laptop X1,7103000,3,21309000,E-Wallet,P,33.0,2.0,Reguler,222000
TRX00973,2026-03-28,Malang,Aksesoris,Mouse Wireless,497000,1,497000,Debit,P,43.0,4.0,Reguler,1823000
TRX01420,2026-03-28,Malang,Laptop,Laptop A14,11017000,2,22034000,Kredit,L,38.0,,Reguler,394000
TRX00519,2026-03-28,Bandung,Aksesoris,Casing HP,160000,4,640000,Debit,L,22.0,3.0,Reguler,1048000
TRX01101,2026-03-28,Malang,Aksesoris,Casing HP,373000,3,1119000,Debit,P,24.0,4.0,Reguler,2520000
TRX00622,2026-03-28,Malang,Elektronik Rumah Tangga,Rice Cooker,4196000,5,20980000,Kredit,P,48.0,5.0,Reguler,412000
TRX02178,2026-03-28,Surabaya,Smartphone,Smartphone NovaLite,3635000,2,7270000,Kredit,P,35.0,,Reguler,401000
TRX01202,2026-03-28,Jakarta,Smartphone,Smartphone Air,1677000,4,6708000,E-Wallet,P,37.0,5.0,Reguler,2820000
TRX00768,2026-03-28,Malang,Aksesoris,Powerbank 10000mAh,453000,2,906000,Kredit,L,28.0,5.0,Reguler,506000
TRX00644,2026-03-29,Bandung,Aksesoris,Powerbank 10000mAh,436000,3,1308000,Tunai,P,33.0,4.0,Reguler,941000
TRX00276,2026-03-29,Malang,Smartphone,Smartphone NovaLite,5680000,2,11360000,Kredit,P,37.0,,Reguler,1536000
TRX01517,2026-03-29,Malang,Laptop,Laptop A14,13032000,4,52128000,E-Wallet,P,34.0,4.0,Reguler,1614000
TRX01146,2026-03-29,Malang,Smartphone,Smartphone Air,6076000,2,12152000,Kredit,P,18.0,4.0,Reguler,1817000
TRX01808,2026-03-29,Malang,Smartphone,Smartphone NovaLite,5194000,1,5194000,Debit,L,51.0,4.0,Reguler,203000
TRX01932,2026-03-29,Malang,Elektronik Rumah Tangga,Kulkas 2 Pintu,1069000,4,4276000,E-Wallet,L,52.0,4.0,Reguler,2278000
TRX01477,2026-03-30,Jakarta,Smartphone,Smartphone MaxEdge,4104000,4,16416000,E-Wallet,P,33.0,5.0,Reguler,356000
TRX00729,2026-03-30,Bandung,Smartphone,Smartphone MaxEdge,6637000,2,13274000,Debit,L,27.0,5.0,Reguler,1890000
TRX01492,2026-03-30,Bandung,Laptop,Laptop A14,5270000,1,5270000,E-Wallet,P,24.0,5.0,Reguler,388000
TRX01116,2026-03-30,Malang,Aksesoris,Mouse Wireless,336000,2,672000,Kredit,L,29.0,3.0,Reguler,611000
TRX00284,2026-03-30,Bandung,Aksesoris,Mouse Wireless,120000,3,360000,E-Wallet,L,46.0,4.0,Reguler,1276000
TRX01918,2026-03-30,Malang,Laptop,Laptop UltraSlim,12447000,5,62235000,E-Wallet,L,21.0,4.0,Reguler,2249000
TRX01031,2026-03-30,Malang,Laptop,Laptop A14,7229000,4,28916000,Kredit,P,28.0,5.0,Reguler,1772000
TRX00651,2026-03-30,Jakarta,Smartphone,Smartphone MaxEdge,1997000,3,5991000,Debit,L,32.0,2.0,Reguler,2263000
TRX00282,2026-03-30,Malang,Aksesoris,Mouse Wireless,109000,4,436000,Tunai,L,30.0,4.0,Reguler,2658000
TRX01244,2026-03-30,Malang,Smartphone,Smartphone MaxEdge,6664000,5,33320000,E-Wallet,L,32.0,2.0,Reguler,1483000
TRX02156,2026-03-30,Jakarta,Smartphone,Smartphone MaxEdge,6149000,4,24596000,E-Wallet,P,21.0,1.0,Reguler,342000
TRX00444,2026-03-30,Malang,Smartphone,Smartphone Z5,4774000,4,19096000,E-Wallet,L,18.0,5.0,Reguler,2811000
TRX00718,2026-03-31,Surabaya,Smartphone,Smartphone Air,1502000,2,3004000,E-Wallet,P,39.0,5.0,Reguler,1961000
TRX01018,2026-03-31,Malang,Aksesoris,Casing HP,430000,1,430000,Kredit,P,20.0,5.0,Reguler,263000
TRX01120,2026-03-31,Surabaya,Smartphone,Smartphone Air,6950000,3,20850000,Debit,P,36.0,5.0,Reguler,577000
TRX00185,2026-03-31,Bandung,Aksesoris,Casing HP,490000,1,490000,Kredit,P,23.0,4.0,Reguler,667000
TRX00563,2026-03-31,Jakarta,Aksesoris,Earphone Bluetooth,242000,1,242000,E-Wallet,L,36.0,5.0,Reguler,2310000
TRX01519,2026-03-31,Jakarta,Smartphone,Smartphone NovaLite,4855000,4,19420000,E-Wallet,L,43.0,4.0,Reguler,1133000
TRX01353,2026-03-31,Jakarta,Laptop,Laptop A14,6589000,5,32945000,E-Wallet,L,42.0,4.0,Reguler,926000
TRX00203,2026-03-31,Jakarta,Laptop,Laptop UltraSlim,5334000,3,16002000,Kredit,P,30.0,,Reguler,2611000
TRX01549,2026-03-31,Jakarta,Laptop,Laptop A14,8455000,3,25365000,E-Wallet,L,38.0,3.0,Reguler,1603000
TRX02011,2026-03-31,Surabaya,Smartphone,Smartphone Air,5083000,5,25415000,E-Wallet,P,31.0,4.0,Reguler,1997000
TRX01356,2026-03-31,Surabaya,Elektronik Rumah Tangga,Kipas Angin,3680000,3,11040000,Kredit,L,18.0,3.0,Reguler,336000
TRX01814,2026-03-31,Jakarta,Elektronik Rumah Tangga,Kipas Angin,3336000,4,13344000,Debit,P,45.0,5.0,Reguler,2448000
TRX00235,2026-03-31,Bandung,Aksesoris,Powerbank 10000mAh,153000,1,153000,Tunai,L,54.0,3.0,Reguler,1953000
TRX00252,2026-03-31,Jakarta,Smartphone,Smartphone Z5,6475000,3,19425000,E-Wallet,L,22.0,5.0,Reguler,1150000
TRX00021,2026-04-01,Jakarta,Laptop,Laptop A14,9212000,4,36848000,E-Wallet,P,29.0,2.0,Reguler,517000
TRX00405,2026-04-01,Jakarta,Laptop,Laptop X1,10835000,5,54175000,Kredit,L,36.0,5.0,Reguler,460000
TRX00406,2026-04-01,Surabaya,Laptop,Laptop ProBook,10741000,3,32223000,Debit,P,18.0,5.0,Reguler,2640000
TRX01053,2026-04-01,Jakarta,Aksesoris,Powerbank 10000mAh,134000,2,268000,Kredit,P,33.0,5.0,Reguler,1198000
TRX01162,2026-04-01,Bandung,Smartphone,Smartphone NovaLite,7077000,3,21231000,Tunai,P,27.0,3.0,Reguler,1363000
TRX00183,2026-04-01,Surabaya,Aksesoris,Powerbank 10000mAh,263000,3,789000,Kredit,L,39.0,5.0,Reguler,2491000
TRX00055,2026-04-01,Surabaya,Smartphone,Smartphone Z5,3133000,3,9399000,Kredit,P,43.0,4.0,Reguler,1638000
TRX00180,2026-04-01,Surabaya,Smartphone,Smartphone Z5,3888000,5,19440000,Tunai,L,35.0,4.0,Reguler,2113000
TRX00453,2026-04-01,Surabaya,Smartphone,Smartphone MaxEdge,5760000,5,28800000,Debit,P,20.0,5.0,Reguler,1610000
TRX01152,2026-04-02,Jakarta,Elektronik Rumah Tangga,Kulkas 2 Pintu,5873000,3,17619000,E-Wallet,L,51.0,5.0,Reguler,2892000
TRX01490,2026-04-02,Surabaya,Aksesoris,Earphone Bluetooth,81000,3,243000,Debit,L,43.0,3.0,Reguler,675000
TRX01618,2026-04-02,Bandung,Aksesoris,Mouse Wireless,64000,3,192000,Debit,L,40.0,4.0,Reguler,427000
TRX00115,2026-04-02,Malang,Smartphone,Smartphone Air,7594000,4,30376000,Debit,L,42.0,4.0,Reguler,2533000
TRX00667,2026-04-02,Bandung,Smartphone,Smartphone NovaLite,1889000,3,5667000,E-Wallet,P,23.0,4.0,Reguler,202000
TRX00159,2026-04-02,Surabaya,Laptop,Laptop ProBook,5506000,4,22024000,Kredit,L,39.0,3.0,Reguler,1844000
TRX01217,2026-04-02,Malang,Smartphone,Smartphone Z5,2456000,5,12280000,Tunai,L,32.0,5.0,Reguler,344000
TRX01379,2026-04-02,Surabaya,Laptop,Laptop ProBook,5962000,4,23848000,Debit,P,37.0,5.0,Reguler,1918000
TRX01737,2026-04-02,Jakarta,Elektronik Rumah Tangga,Kulkas 2 Pintu,5796000,3,17388000,Debit,P,21.0,5.0,Reguler,367000
TRX00420,2026-04-02,Malang,Smartphone,Smartphone NovaLite,7635000,2,15270000,Tunai,L,37.0,2.0,Reguler,1296000
TRX00629,2026-04-02,Malang,Laptop,Laptop UltraSlim,11949000,5,59745000,Tunai,P,57.0,2.0,Reguler,1426000
TRX01767,2026-04-02,Surabaya,Aksesoris,Mouse Wireless,497000,1,497000,Kredit,L,38.0,4.0,Reguler,1343000
TRX01091,2026-04-02,Malang,Laptop,Laptop ProBook,5973000,3,17919000,Kredit,P,35.0,5.0,Reguler,1672000
TRX01008,2026-04-02,Bandung,Smartphone,Smartphone Z5,4751000,4,19004000,Debit,P,,4.0,Reguler,1587000
TRX00876,2026-04-02,Malang,Smartphone,Smartphone MaxEdge,5881000,3,17643000,E-Wallet,P,27.0,5.0,Reguler,352000
TRX01241,2026-04-02,Malang,Laptop,Laptop ProBook,12167000,4,48668000,E-Wallet,L,36.0,4.0,Reguler,661000
TRX00556,2026-04-02,Surabaya,Laptop,Laptop ProBook,5258000,3,15774000,Tunai,P,40.0,4.0,Reguler,1084000
TRX00897,2026-04-03,Malang,Laptop,Laptop X1,14233000,4,56932000,Debit,L,39.0,4.0,Reguler,2476000
TRX01051,2026-04-03,Jakarta,Laptop,Laptop A14,6539000,3,19617000,E-Wallet,L,40.0,3.0,Reguler,417000
TRX01442,2026-04-03,Surabaya,Laptop,Laptop A14,11492000,4,45968000,Kredit,L,29.0,4.0,Reguler,237000
TRX00940,2026-04-03,Jakarta,Aksesoris,Powerbank 10000mAh,312000,2,624000,Kredit,P,26.0,5.0,Reguler,1381000
TRX00017,2026-04-03,Malang,Aksesoris,Earphone Bluetooth,296000,3,888000,E-Wallet,P,36.0,4.0,Reguler,1402000
TRX01000,2026-04-03,Malang,Aksesoris,Earphone Bluetooth,375000,5,1875000,Tunai,P,43.0,,Reguler,2784000
TRX00445,2026-04-03,Surabaya,Laptop,Laptop UltraSlim,12125000,1,12125000,Kredit,P,25.0,5.0,Reguler,1600000
TRX02066,2026-04-03,Jakarta,Elektronik Rumah Tangga,Kulkas 2 Pintu,4249000,5,21245000,E-Wallet,P,27.0,,Reguler,2964000
TRX01296,2026-04-04,Bandung,Elektronik Rumah Tangga,Kipas Angin,1105000,1,1105000,Kredit,P,32.0,5.0,Reguler,202000
TRX00549,2026-04-04,Bandung,Laptop,Laptop X1,10266000,4,41064000,Debit,L,29.0,4.0,Reguler,568000
TRX01207,2026-04-04,Surabaya,Smartphone,Smartphone MaxEdge,3845000,1,3845000,Kredit,L,41.0,4.0,Reguler,688000
TRX01916,2026-04-04,Jakarta,Smartphone,Smartphone Z5,4977000,1,4977000,E-Wallet,P,31.0,5.0,Reguler,936000
TRX00344,2026-04-04,Malang,Laptop,Laptop A14,10827000,4,43308000,E-Wallet,P,37.0,4.0,Reguler,2473000
TRX00717,2026-04-04,Jakarta,Smartphone,Smartphone MaxEdge,3080000,2,6160000,Kredit,L,39.0,3.0,Reguler,1053000
TRX01165,2026-04-04,Surabaya,Laptop,Laptop UltraSlim,11201000,1,11201000,E-Wallet,P,41.0,,Reguler,2031000
TRX01015,2026-04-04,Malang,Laptop,Laptop X1,9803000,3,29409000,Kredit,P,42.0,5.0,Reguler,1276000
TRX01460,2026-04-04,Malang,Elektronik Rumah Tangga,Kulkas 2 Pintu,1391000,2,2782000,Kredit,L,,4.0,Reguler,694000
TRX00366,2026-04-04,Jakarta,Smartphone,Smartphone NovaLite,6089000,2,12178000,Tunai,P,,5.0,Reguler,489000
TRX01680,2026-04-04,Malang,Elektronik Rumah Tangga,Kulkas 2 Pintu,5926000,4,23704000,E-Wallet,L,48.0,3.0,Reguler,566000
TRX01583,2026-04-04,Malang,Aksesoris,Casing HP,344000,5,1720000,E-Wallet,L,51.0,2.0,Reguler,1306000
TRX01720,2026-04-04,Bandung,Smartphone,Smartphone Z5,3577000,3,10731000,E-Wallet,P,28.0,,Reguler,556000
TRX00803,2026-04-04,Jakarta,Smartphone,Smartphone Z5,5926000,3,17778000,Kredit,P,35.0,4.0,Reguler,2551000
TRX00608,2026-04-04,Surabaya,Elektronik Rumah Tangga,Kipas Angin,1228000,1,1228000,Debit,L,27.0,4.0,Reguler,2313000
TRX00712,2026-04-05,Surabaya,Laptop,Laptop X1,8401000,2,16802000,Tunai,L,,4.0,Reguler,2285000
TRX01859,2026-04-05,Malang,Smartphone,Smartphone MaxEdge,6114000,2,12228000,Kredit,L,38.0,4.0,Reguler,1975000
TRX01311,2026-04-05,Jakarta,Elektronik Rumah Tangga,TV LED 32in,2531000,4,10124000,Kredit,L,46.0,4.0,Reguler,728000
TRX01849,2026-04-05,Bandung,Elektronik Rumah Tangga,Kulkas 2 Pintu,4443000,4,17772000,Kredit,L,31.0,4.0,Reguler,906000
TRX00701,2026-04-05,Jakarta,Aksesoris,Casing HP,480000,1,480000,Debit,P,28.0,,Reguler,2523000
TRX01686,2026-04-05,Jakarta,Smartphone,Smartphone NovaLite,7230000,4,28920000,Debit,L,51.0,,Reguler,1599000
TRX01800,2026-04-05,Surabaya,Elektronik Rumah Tangga,TV LED 32in,2667000,4,10668000,Debit,P,34.0,3.0,Reguler,2984000
TRX00449,2026-04-05,Surabaya,Smartphone,Smartphone Air,5694000,5,28470000,E-Wallet,P,32.0,4.0,Reguler,2436000
TRX01010,2026-04-05,Malang,Aksesoris,Earphone Bluetooth,320000,1,320000,Debit,L,31.0,5.0,Reguler,489000
TRX02133,2026-04-05,Surabaya,Aksesoris,Powerbank 10000mAh,185000,3,555000,Debit,L,36.0,4.0,Reguler,409000
TRX00893,2026-04-05,Surabaya,Smartphone,Smartphone NovaLite,2914000,3,8742000,E-Wallet,P,38.0,4.0,Reguler,748000
TRX00296,2026-04-05,Malang,Elektronik Rumah Tangga,Rice Cooker,5129000,5,25645000,Debit,P,25.0,3.0,Reguler,227000
TRX00679,2026-04-05,Surabaya,Smartphone,Smartphone Air,7370000,4,29480000,Tunai,L,41.0,4.0,Reguler,1064000
TRX00578,2026-04-05,Surabaya,Elektronik Rumah Tangga,Kipas Angin,2430000,1,2430000,Debit,P,47.0,5.0,Reguler,1534000
TRX01392,2026-04-06,Surabaya,Laptop,Laptop ProBook,12116000,2,24232000,E-Wallet,L,37.0,4.0,Reguler,1663000
TRX00995,2026-04-06,Bandung,Aksesoris,Casing HP,164000,3,492000,E-Wallet,L,31.0,5.0,Reguler,1481000
TRX01195,2026-04-06,Malang,Smartphone,Smartphone MaxEdge,5787000,1,5787000,Kredit,P,,4.0,Reguler,386000
TRX01957,2026-04-06,Jakarta,Aksesoris,Mouse Wireless,59000,1,59000,Kredit,L,24.0,1.0,Reguler,2677000
TRX00997,2026-04-06,Malang,Smartphone,Smartphone Z5,5301000,5,26505000,Tunai,P,36.0,4.0,Reguler,1104000
TRX01920,2026-04-06,Malang,Laptop,Laptop X1,8876000,2,17752000,Debit,L,41.0,4.0,Reguler,1561000
TRX01665,2026-04-06,Malang,Laptop,Laptop UltraSlim,13962000,3,41886000,Debit,L,36.0,4.0,Reguler,1573000
TRX02029,2026-04-06,Jakarta,Smartphone,Smartphone Z5,1537000,4,6148000,Kredit,P,41.0,4.0,Reguler,2779000
TRX01074,2026-04-06,Malang,Laptop,Laptop ProBook,7397000,2,14794000,E-Wallet,P,29.0,5.0,Reguler,232000
TRX01501,2026-04-06,Surabaya,Smartphone,Smartphone NovaLite,5252000,5,26260000,Kredit,L,43.0,5.0,Reguler,211000
TRX00011,2026-04-06,Malang,Elektronik Rumah Tangga,Rice Cooker,2085000,4,8340000,Tunai,P,27.0,3.0,Reguler,2662000
TRX01901,2026-04-07,Jakarta,Smartphone,Smartphone Air,3060000,4,12240000,Debit,P,29.0,5.0,Reguler,449000
TRX01669,2026-04-07,Jakarta,Laptop,Laptop A14,8261000,2,16522000,Debit,L,33.0,1.0,Reguler,2317000
TRX00488,2026-04-07,Surabaya,Laptop,Laptop A14,8266000,3,24798000,Tunai,L,30.0,5.0,Reguler,1571000
TRX00648,2026-04-07,Surabaya,Laptop,Laptop ProBook,11222000,2,22444000,Kredit,P,34.0,4.0,Reguler,1813000
TRX00656,2026-04-07,Surabaya,Smartphone,Smartphone Z5,3039000,5,15195000,Kredit,P,39.0,2.0,Reguler,736000
TRX00747,2026-04-07,Surabaya,Laptop,Laptop ProBook,11014000,4,44056000,Kredit,L,38.0,5.0,Reguler,2814000
TRX01725,2026-04-07,Bandung,Aksesoris,Earphone Bluetooth,307000,4,1228000,Kredit,P,43.0,4.0,Reguler,1575000
TRX01553,2026-04-07,Jakarta,Aksesoris,Powerbank 10000mAh,159000,5,795000,Kredit,L,32.0,2.0,Reguler,1973000
TRX00351,2026-04-07,Jakarta,Smartphone,Smartphone MaxEdge,6133000,1,6133000,E-Wallet,L,29.0,4.0,Reguler,1978000
TRX01991,2026-04-07,Bandung,Smartphone,Smartphone Air,3050000,4,12200000,E-Wallet,P,47.0,5.0,Reguler,1714000
TRX01164,2026-04-07,Malang,Elektronik Rumah Tangga,TV LED 32in,4069000,4,16276000,E-Wallet,P,37.0,4.0,Reguler,2808000
TRX02048,2026-04-07,Jakarta,Aksesoris,Earphone Bluetooth,204000,1,204000,Debit,P,26.0,5.0,Reguler,578000
TRX01299,2026-04-07,Malang,Smartphone,Smartphone Air,7862000,5,39310000,E-Wallet,P,34.0,5.0,Reguler,1454000
TRX01341,2026-04-07,Bandung,Laptop,Laptop A14,12447000,1,12447000,Tunai,P,37.0,3.0,Reguler,1759000
TRX00507,2026-04-07,Bandung,Aksesoris,Earphone Bluetooth,190000,5,950000,Debit,P,29.0,5.0,Reguler,2710000
TRX01147,2026-04-07,Malang,Smartphone,Smartphone Air,4265000,2,8530000,E-Wallet,L,36.0,4.0,Reguler,1895000
TRX01335,2026-04-07,Jakarta,Aksesoris,Earphone Bluetooth,156000,5,780000,Tunai,L,18.0,4.0,Reguler,1349000
TRX01902,2026-04-07,Surabaya,Laptop,Laptop X1,7293000,5,36465000,Kredit,P,24.0,5.0,Reguler,1905000
TRX01958,2026-04-07,Malang,Smartphone,Smartphone NovaLite,4327000,5,21635000,Debit,L,31.0,4.0,Reguler,1757000
TRX02139,2026-04-08,Surabaya,Elektronik Rumah Tangga,TV LED 32in,4195000,2,8390000,Debit,L,25.0,4.0,Reguler,2586000
TRX01259,2026-04-08,Bandung,Laptop,Laptop UltraSlim,12130000,4,48520000,Debit,P,33.0,5.0,Reguler,1438000
TRX00927,2026-04-08,Jakarta,Aksesoris,Powerbank 10000mAh,248000,3,744000,E-Wallet,L,31.0,4.0,Reguler,1477000
TRX01922,2026-04-08,Jakarta,Smartphone,Smartphone Air,2965000,2,5930000,Kredit,L,37.0,4.0,Reguler,2312000
TRX00931,2026-04-08,Malang,Elektronik Rumah Tangga,Kipas Angin,1385000,2,2770000,E-Wallet,L,35.0,3.0,Reguler,2723000
TRX00561,2026-04-08,Malang,Smartphone,Smartphone Air,2309000,4,9236000,Tunai,L,43.0,3.0,Reguler,2096000
TRX00877,2026-04-08,Surabaya,Aksesoris,Mouse Wireless,316000,4,1264000,E-Wallet,L,34.0,5.0,Reguler,584000
TRX01140,2026-04-08,Surabaya,Smartphone,Smartphone Air,2472000,5,12360000,E-Wallet,P,35.0,5.0,Reguler,1569000
TRX00606,2026-04-08,Bandung,Aksesoris,Powerbank 10000mAh,444000,5,2220000,Debit,L,31.0,3.0,Reguler,2932000
TRX00539,2026-04-08,Malang,Aksesoris,Earphone Bluetooth,268000,5,1340000,Tunai,P,29.0,,Reguler,2516000
TRX01636,2026-04-08,Surabaya,Laptop,Laptop ProBook,10025000,4,40100000,E-Wallet,L,34.0,5.0,Reguler,2056000
TRX01380,2026-04-08,Bandung,Elektronik Rumah Tangga,Kipas Angin,5756000,5,28780000,E-Wallet,P,31.0,5.0,Reguler,1881000
TRX02119,2026-04-09,Malang,Laptop,Laptop UltraSlim,11381000,2,22762000,E-Wallet,L,29.0,,Reguler,1369000
TRX01848,2026-04-09,Jakarta,Smartphone,Smartphone Z5,2653000,2,5306000,Tunai,L,21.0,4.0,Reguler,2558000
TRX00789,2026-04-09,Bandung,Laptop,Laptop UltraSlim,12018000,3,36054000,Debit,P,31.0,3.0,Reguler,1945000
TRX00807,2026-04-09,Surabaya,Aksesoris,Powerbank 10000mAh,384000,2,768000,Debit,P,49.0,4.0,Reguler,926000
TRX02137,2026-04-09,Bandung,Aksesoris,Casing HP,76000,3,228000,Tunai,P,41.0,5.0,Reguler,2766000
TRX02118,2026-04-09,Malang,Elektronik Rumah Tangga,TV LED 32in,4731000,5,23655000,E-Wallet,P,28.0,4.0,Reguler,1289000
TRX00057,2026-04-09,Malang,Smartphone,Smartphone MaxEdge,6870000,3,20610000,Debit,P,34.0,,Reguler,1984000
TRX00289,2026-04-09,Bandung,Aksesoris,Casing HP,103000,1,103000,Debit,P,27.0,3.0,Reguler,296000
TRX02154,2026-04-09,Surabaya,Laptop,Laptop ProBook,7155000,5,35775000,Debit,L,,5.0,Reguler,1572000
TRX00917,2026-04-09,Malang,Aksesoris,Powerbank 10000mAh,57000,2,114000,Kredit,P,31.0,4.0,Reguler,1653000
TRX00295,2026-04-09,Jakarta,Laptop,Laptop ProBook,9964000,1,9964000,Kredit,P,38.0,5.0,Reguler,652000
TRX00305,2026-04-09,Malang,Elektronik Rumah Tangga,TV LED 32in,912000,1,912000,Debit,P,27.0,5.0,Reguler,2283000
TRX00331,2026-04-09,Bandung,Laptop,Laptop A14,9227000,3,27681000,Kredit,P,39.0,5.0,Reguler,607000
TRX00229,2026-04-09,Malang,Aksesoris,Powerbank 10000mAh,458000,2,916000,Debit,P,24.0,5.0,Reguler,2258000
TRX00029,2026-04-09,Jakarta,Smartphone,Smartphone NovaLite,5296000,5,26480000,E-Wallet,L,32.0,2.0,Reguler,747000
TRX01497,2026-04-10,Malang,Laptop,Laptop UltraSlim,7008000,3,21024000,Debit,L,50.0,3.0,Reguler,2082000
TRX00879,2026-04-10,Jakarta,Aksesoris,Mouse Wireless,162000,3,486000,Debit,P,25.0,5.0,Reguler,872000
TRX00992,2026-04-10,Bandung,Laptop,Laptop ProBook,6083000,2,12166000,Debit,L,28.0,,Reguler,2779000
TRX01323,2026-04-10,Jakarta,Aksesoris,Powerbank 10000mAh,95000,4,380000,E-Wallet,L,25.0,5.0,Reguler,1722000
TRX00983,2026-04-10,Jakarta,Aksesoris,Earphone Bluetooth,386000,2,772000,Tunai,P,30.0,5.0,Reguler,1869000
TRX01577,2026-04-10,Surabaya,Laptop,Laptop ProBook,11155000,2,22310000,E-Wallet,L,33.0,5.0,Reguler,509000
TRX01625,2026-04-11,Malang,Smartphone,Smartphone Air,7634000,1,7634000,E-Wallet,P,41.0,,Reguler,2987000
TRX00113,2026-04-11,Surabaya,Smartphone,Smartphone NovaLite,2966000,3,8898000,E-Wallet,L,21.0,4.0,Reguler,2072000
TRX00330,2026-04-11,Surabaya,Laptop,Laptop A14,5406000,3,16218000,Tunai,L,35.0,5.0,Reguler,2374000
TRX01258,2026-04-11,Surabaya,Aksesoris,Powerbank 10000mAh,279000,2,558000,Kredit,P,27.0,4.0,Reguler,1722000
TRX00655,2026-04-11,Surabaya,Laptop,Laptop A14,10169000,2,20338000,E-Wallet,P,45.0,4.0,Reguler,806000
TRX01365,2026-04-11,Malang,Smartphone,Smartphone Air,2889000,4,11556000,Debit,P,34.0,3.0,Reguler,1920000
TRX01840,2026-04-11,Malang,Aksesoris,Powerbank 10000mAh,122000,2,244000,Tunai,P,,4.0,Reguler,1321000
TRX00308,2026-04-11,Malang,Laptop,Laptop ProBook,11031000,4,44124000,Kredit,L,29.0,5.0,Reguler,2206000
TRX02031,2026-04-11,Surabaya,Aksesoris,Casing HP,144000,3,432000,Kredit,P,37.0,4.0,Reguler,1379000
TRX01997,2026-04-11,Malang,Elektronik Rumah Tangga,Kulkas 2 Pintu,5533000,1,5533000,E-Wallet,L,48.0,5.0,Reguler,847000
TRX00158,2026-04-11,Jakarta,Elektronik Rumah Tangga,TV LED 32in,2373000,2,4746000,E-Wallet,L,34.0,2.0,Reguler,967000
TRX01664,2026-04-11,Surabaya,Laptop,Laptop A14,14817000,1,14817000,Kredit,L,30.0,4.0,Reguler,1832000
TRX01938,2026-04-11,Malang,Laptop,Laptop A14,7244000,1,7244000,Tunai,L,31.0,4.0,Reguler,314000
TRX00034,2026-04-11,Jakarta,Laptop,Laptop A14,13262000,1,13262000,Tunai,P,,3.0,Reguler,2337000
TRX00762,2026-04-11,Bandung,Aksesoris,Casing HP,335000,2,670000,Debit,L,,5.0,Reguler,1982000
TRX00755,2026-04-11,Jakarta,Aksesoris,Casing HP,239000,5,1195000,Kredit,L,33.0,5.0,Reguler,1933000
TRX00132,2026-04-11,Surabaya,Smartphone,Smartphone Z5,7627000,2,15254000,Kredit,P,47.0,4.0,Reguler,1990000
TRX00456,2026-04-11,Jakarta,Smartphone,Smartphone Z5,1624000,5,8120000,E-Wallet,P,37.0,4.0,Reguler,2366000
TRX01565,2026-04-11,Surabaya,Aksesoris,Earphone Bluetooth,289000,1,289000,E-Wallet,L,30.0,4.0,Reguler,343000
TRX01129,2026-04-11,Malang,Laptop,Laptop X1,8223000,5,41115000,E-Wallet,L,31.0,4.0,Reguler,2182000
TRX01222,2026-04-11,Malang,Smartphone,Smartphone MaxEdge,3498000,5,17490000,Tunai,P,45.0,3.0,Reguler,2058000
TRX01084,2026-04-11,Malang,Smartphone,Smartphone Air,4777000,4,19108000,Debit,P,35.0,5.0,Reguler,2392000
TRX00134,2026-04-12,Jakarta,Laptop,Laptop X1,13811000,4,55244000,Debit,L,44.0,5.0,Reguler,996000
TRX01003,2026-04-12,Jakarta,Elektronik Rumah Tangga,Kulkas 2 Pintu,2820000,5,14100000,E-Wallet,P,45.0,5.0,Reguler,2161000
TRX01412,2026-04-12,Surabaya,Laptop,Laptop UltraSlim,9649000,3,28947000,Debit,P,35.0,3.0,Reguler,968000
TRX01434,2026-04-12,Malang,Laptop,Laptop X1,14962000,3,44886000,E-Wallet,L,27.0,5.0,Reguler,1364000
TRX01975,2026-04-12,Bandung,Smartphone,Smartphone MaxEdge,7081000,5,35405000,Debit,L,20.0,5.0,Reguler,805000
TRX02062,2026-04-12,Bandung,Laptop,Laptop ProBook,10585000,2,21170000,E-Wallet,P,30.0,4.0,Reguler,253000
TRX01387,2026-04-12,Jakarta,Smartphone,Smartphone NovaLite,6625000,3,19875000,Kredit,P,25.0,4.0,Reguler,2005000
TRX00116,2026-04-13,Surabaya,Laptop,Laptop X1,8570000,3,25710000,Kredit,P,35.0,5.0,Reguler,510000
TRX00437,2026-04-13,Jakarta,Smartphone,Smartphone Air,4915000,4,19660000,Debit,P,,3.0,Reguler,2708000
TRX01189,2026-04-13,Malang,Smartphone,Smartphone Air,5744000,1,5744000,E-Wallet,P,25.0,,Reguler,2999000
TRX00131,2026-04-13,Malang,Smartphone,Smartphone Air,6521000,4,26084000,Kredit,L,32.0,4.0,Reguler,966000
TRX00980,2026-04-13,Malang,Aksesoris,Powerbank 10000mAh,415000,1,415000,E-Wallet,L,21.0,5.0,Reguler,2584000
TRX00706,2026-04-13,Jakarta,Laptop,Laptop UltraSlim,9360000,4,37440000,Tunai,P,38.0,4.0,Reguler,1075000
TRX01029,2026-04-13,Malang,Aksesoris,Mouse Wireless,279000,2,558000,Debit,P,47.0,4.0,Reguler,2793000
TRX00126,2026-04-13,Bandung,Smartphone,Smartphone MaxEdge,4676000,4,18704000,Tunai,P,18.0,4.0,Reguler,2623000
TRX00079,2026-04-13,Malang,Smartphone,Smartphone Air,6071000,4,24284000,Debit,L,34.0,,Reguler,364000
TRX01672,2026-04-13,Jakarta,Laptop,Laptop A14,9510000,4,38040000,E-Wallet,L,33.0,4.0,Reguler,2347000
TRX01455,2026-04-14,Malang,Elektronik Rumah Tangga,TV LED 32in,3224000,2,6448000,Debit,P,44.0,5.0,Reguler,1527000
TRX01897,2026-04-14,Jakarta,Smartphone,Smartphone MaxEdge,7530000,5,37650000,E-Wallet,L,24.0,4.0,Reguler,1285000
TRX00288,2026-04-14,Surabaya,Smartphone,Smartphone NovaLite,7721000,3,23163000,E-Wallet,L,40.0,4.0,Reguler,1261000
TRX01544,2026-04-14,Bandung,Smartphone,Smartphone MaxEdge,2468000,3,7404000,E-Wallet,L,35.0,2.0,Reguler,1910000
TRX02199,2026-04-14,Surabaya,Laptop,Laptop X1,10415000,2,20830000,Debit,P,50.0,3.0,Reguler,2889000
TRX01728,2026-04-14,Malang,Smartphone,Smartphone MaxEdge,7474000,4,29896000,E-Wallet,P,33.0,3.0,Reguler,2732000
TRX00978,2026-04-14,Malang,Elektronik Rumah Tangga,Rice Cooker,971000,4,3884000,E-Wallet,L,19.0,4.0,Reguler,1273000
TRX00708,2026-04-14,Surabaya,Laptop,Laptop X1,6238000,2,12476000,E-Wallet,L,33.0,3.0,Reguler,1554000
TRX01631,2026-04-14,Malang,Aksesoris,Mouse Wireless,178000,1,178000,Tunai,P,38.0,5.0,Reguler,1513000
TRX00570,2026-04-14,Bandung,Smartphone,Smartphone Air,6867000,5,34335000,Tunai,P,32.0,5.0,Reguler,1293000
TRX01759,2026-04-14,Jakarta,Aksesoris,Earphone Bluetooth,268000,5,1340000,Tunai,L,18.0,4.0,Reguler,300000
TRX00922,2026-04-14,Malang,Laptop,Laptop ProBook,12709000,3,38127000,Tunai,L,32.0,2.0,Reguler,2236000
TRX00535,2026-04-15,Bandung,Smartphone,Smartphone Air,4516000,1,4516000,Kredit,L,30.0,5.0,Reguler,889000
TRX01765,2026-04-15,Surabaya,Elektronik Rumah Tangga,Rice Cooker,5612000,5,28060000,E-Wallet,L,43.0,5.0,Reguler,598000
TRX00597,2026-04-15,Malang,Smartphone,Smartphone MaxEdge,5804000,3,17412000,Kredit,P,41.0,5.0,Reguler,1909000
TRX01344,2026-04-15,Surabaya,Laptop,Laptop ProBook,11569000,2,23138000,Debit,L,31.0,5.0,Reguler,1520000
TRX00129,2026-04-15,Bandung,Elektronik Rumah Tangga,TV LED 32in,2552000,3,7656000,E-Wallet,L,,5.0,Reguler,2736000
TRX00930,2026-04-15,Surabaya,Smartphone,Smartphone NovaLite,6463000,5,32315000,E-Wallet,P,32.0,5.0,Reguler,2922000
TRX00228,2026-04-15,Surabaya,Laptop,Laptop ProBook,11291000,1,11291000,Tunai,L,36.0,,Reguler,362000
TRX01627,2026-04-15,Jakarta,Laptop,Laptop ProBook,8777000,1,8777000,E-Wallet,L,40.0,5.0,Reguler,911000
TRX01791,2026-04-16,Malang,Smartphone,Smartphone NovaLite,6663000,5,33315000,Kredit,L,33.0,,Reguler,2287000
TRX01415,2026-04-16,Malang,Smartphone,Smartphone MaxEdge,4706000,1,4706000,Kredit,L,44.0,4.0,Reguler,2184000
TRX00677,2026-04-16,Jakarta,Laptop,Laptop A14,5335000,4,21340000,Kredit,P,33.0,2.0,Reguler,2106000
TRX00242,2026-04-16,Jakarta,Smartphone,Smartphone Z5,7957000,2,15914000,E-Wallet,P,27.0,5.0,Reguler,2549000
TRX01858,2026-04-16,Malang,Smartphone,Smartphone MaxEdge,4507000,2,9014000,Debit,P,,4.0,Reguler,1549000
TRX02037,2026-04-16,Jakarta,Aksesoris,Earphone Bluetooth,287000,1,287000,Debit,L,39.0,4.0,Reguler,544000
TRX01628,2026-04-16,Malang,Smartphone,Smartphone Air,7402000,4,29608000,Tunai,P,37.0,3.0,Reguler,1947000
TRX01760,2026-04-16,Surabaya,Laptop,Laptop ProBook,6244000,4,24976000,E-Wallet,L,38.0,4.0,Reguler,1831000
TRX00266,2026-04-16,Surabaya,Aksesoris,Earphone Bluetooth,322000,2,644000,E-Wallet,P,47.0,4.0,Reguler,1550000
TRX02123,2026-04-16,Jakarta,Aksesoris,Mouse Wireless,295000,2,590000,E-Wallet,P,19.0,3.0,Reguler,1954000
TRX01161,2026-04-16,Jakarta,Smartphone,Smartphone Air,1728000,2,3456000,E-Wallet,L,30.0,5.0,Reguler,1218000
TRX00424,2026-04-16,Jakarta,Smartphone,Smartphone NovaLite,4668000,2,9336000,Debit,L,53.0,5.0,Reguler,947000
TRX01156,2026-04-17,Surabaya,Smartphone,Smartphone Air,6578000,4,26312000,Tunai,P,30.0,4.0,Reguler,2051000
TRX01423,2026-04-17,Surabaya,Smartphone,Smartphone Air,3810000,3,11430000,Kredit,L,24.0,4.0,Reguler,2746000
TRX00981,2026-04-17,Surabaya,Laptop,Laptop ProBook,14854000,2,29708000,Debit,P,35.0,5.0,Reguler,2953000
TRX00260,2026-04-17,Malang,Smartphone,Smartphone MaxEdge,7713000,4,30852000,Debit,L,35.0,5.0,Reguler,2139000
TRX00966,2026-04-17,Bandung,Smartphone,Smartphone Z5,5684000,4,22736000,Debit,L,40.0,4.0,Reguler,2404000
TRX00786,2026-04-17,Surabaya,Elektronik Rumah Tangga,Rice Cooker,4887000,5,24435000,E-Wallet,P,34.0,4.0,Reguler,1594000
TRX01396,2026-04-17,Surabaya,Aksesoris,Casing HP,374000,4,1496000,E-Wallet,L,26.0,4.0,Reguler,2542000
TRX00698,2026-04-17,Malang,Smartphone,Smartphone MaxEdge,1957000,2,3914000,Debit,L,29.0,4.0,Reguler,2888000
TRX02065,2026-04-17,Jakarta,Elektronik Rumah Tangga,Kipas Angin,3477000,3,10431000,Tunai,P,33.0,2.0,Reguler,754000
TRX01118,2026-04-17,Bandung,Laptop,Laptop X1,5356000,5,26780000,E-Wallet,P,40.0,4.0,Reguler,2869000
TRX01318,2026-04-17,Surabaya,Smartphone,Smartphone Air,7724000,2,15448000,Kredit,L,42.0,5.0,Reguler,1547000
TRX00548,2026-04-17,Jakarta,Aksesoris,Mouse Wireless,102000,2,204000,E-Wallet,L,32.0,2.0,Reguler,946000
TRX02190,2026-04-17,Surabaya,Aksesoris,Earphone Bluetooth,210000,5,1050000,Kredit,P,33.0,5.0,Reguler,2211000
TRX00270,2026-04-17,Surabaya,Smartphone,Smartphone Air,7245000,3,21735000,Tunai,P,41.0,1.0,Reguler,1775000
TRX01833,2026-04-17,Surabaya,Laptop,Laptop UltraSlim,8412000,3,25236000,Tunai,P,30.0,,Reguler,2400000
TRX00985,2026-04-17,Jakarta,Elektronik Rumah Tangga,Rice Cooker,3607000,4,14428000,Kredit,L,52.0,3.0,Reguler,718000
TRX01546,2026-04-17,Bandung,Smartphone,Smartphone NovaLite,6317000,2,12634000,E-Wallet,L,42.0,4.0,Reguler,1950000
TRX00915,2026-04-18,Surabaya,Smartphone,Smartphone MaxEdge,6043000,1,6043000,Debit,L,31.0,5.0,Reguler,2638000
TRX01608,2026-04-18,Malang,Laptop,Laptop X1,11258000,1,11258000,Debit,L,29.0,5.0,Reguler,508000
TRX00468,2026-04-18,Malang,Smartphone,Smartphone NovaLite,7184000,5,35920000,Debit,L,18.0,5.0,Reguler,892000
TRX00520,2026-04-18,Malang,Aksesoris,Casing HP,128000,1,128000,E-Wallet,P,32.0,5.0,Reguler,1165000
TRX01644,2026-04-18,Jakarta,Elektronik Rumah Tangga,Rice Cooker,1026000,5,5130000,E-Wallet,P,32.0,5.0,Reguler,689000
TRX00688,2026-04-18,Jakarta,Smartphone,Smartphone NovaLite,3927000,2,7854000,Tunai,P,18.0,5.0,Reguler,768000
TRX01654,2026-04-18,Malang,Elektronik Rumah Tangga,TV LED 32in,1555000,1,1555000,E-Wallet,P,33.0,4.0,Reguler,2809000
TRX01350,2026-04-18,Surabaya,Smartphone,Smartphone NovaLite,5401000,4,21604000,Debit,P,38.0,4.0,Reguler,1157000
TRX00665,2026-04-19,Malang,Smartphone,Smartphone Air,1734000,2,3468000,Tunai,L,42.0,4.0,Reguler,643000
TRX00531,2026-04-19,Surabaya,Smartphone,Smartphone Air,4036000,5,20180000,Tunai,L,27.0,4.0,Reguler,419000
TRX01580,2026-04-19,Surabaya,Smartphone,Smartphone NovaLite,7537000,1,7537000,E-Wallet,P,45.0,3.0,Reguler,2979000
TRX01188,2026-04-19,Jakarta,Laptop,Laptop X1,10642000,2,21284000,E-Wallet,L,33.0,5.0,Reguler,872000
TRX02024,2026-04-19,Surabaya,Laptop,Laptop ProBook,5982000,1,5982000,Debit,L,41.0,4.0,Reguler,928000
TRX01505,2026-04-19,Malang,Aksesoris,Powerbank 10000mAh,93000,4,372000,Debit,P,34.0,4.0,Reguler,2074000
TRX00455,2026-04-19,Malang,Smartphone,Smartphone NovaLite,3339000,1,3339000,E-Wallet,L,39.0,,Reguler,985000
TRX00394,2026-04-19,Jakarta,Smartphone,Smartphone Z5,7900000,3,23700000,E-Wallet,L,34.0,3.0,Reguler,2940000
TRX01764,2026-04-19,Malang,Laptop,Laptop X1,10100000,5,50500000,Debit,P,40.0,4.0,Reguler,1549000
TRX01048,2026-04-19,Bandung,Elektronik Rumah Tangga,Kulkas 2 Pintu,4021000,3,12063000,E-Wallet,L,29.0,5.0,Reguler,867000
TRX00967,2026-04-19,Surabaya,Smartphone,Smartphone MaxEdge,6598000,2,13196000,Debit,P,38.0,4.0,Reguler,1516000
TRX00720,2026-04-19,Jakarta,Aksesoris,Powerbank 10000mAh,142000,5,710000,Tunai,L,27.0,1.0,Reguler,1369000
TRX01568,2026-04-20,Malang,Laptop,Laptop X1,5058000,2,10116000,Tunai,P,45.0,5.0,Reguler,2884000
TRX00494,2026-04-20,Surabaya,Laptop,Laptop A14,7233000,2,14466000,Debit,P,33.0,4.0,Reguler,2337000
TRX00137,2026-04-20,Malang,Smartphone,Smartphone Z5,2810000,3,8430000,Kredit,L,34.0,4.0,Reguler,573000
TRX00490,2026-04-20,Malang,Aksesoris,Casing HP,265000,2,530000,Debit,L,,2.0,Reguler,299000
TRX01873,2026-04-20,Malang,Aksesoris,Powerbank 10000mAh,198000,1,198000,E-Wallet,P,28.0,4.0,Reguler,1741000
TRX00193,2026-04-20,Surabaya,Elektronik Rumah Tangga,Kulkas 2 Pintu,1223000,3,3669000,Tunai,P,,4.0,Reguler,881000
TRX02183,2026-04-20,Malang,Smartphone,Smartphone MaxEdge,3044000,2,6088000,Tunai,P,18.0,,Reguler,2112000
TRX00625,2026-04-20,Surabaya,Laptop,Laptop X1,13096000,5,65480000,Tunai,P,40.0,4.0,Reguler,2365000
TRX01525,2026-04-20,Surabaya,Smartphone,Smartphone Z5,6868000,2,13736000,E-Wallet,P,18.0,4.0,Reguler,2710000
TRX00850,2026-04-20,Bandung,Smartphone,Smartphone Z5,7583000,3,22749000,Debit,L,28.0,4.0,Reguler,845000
TRX01181,2026-04-21,Surabaya,Smartphone,Smartphone MaxEdge,5743000,2,11486000,Debit,L,19.0,3.0,Reguler,2074000
TRX00896,2026-04-21,Jakarta,Smartphone,Smartphone Z5,2802000,4,11208000,Debit,L,47.0,4.0,Reguler,2671000
TRX02124,2026-04-21,Jakarta,Laptop,Laptop A14,6247000,5,31235000,Kredit,L,34.0,4.0,Reguler,2103000
TRX00767,2026-04-21,Bandung,Smartphone,Smartphone NovaLite,5364000,4,21456000,Kredit,P,27.0,5.0,Reguler,254000
TRX01758,2026-04-21,Surabaya,Smartphone,Smartphone Air,2572000,1,2572000,E-Wallet,P,43.0,5.0,Reguler,260000
TRX01662,2026-04-21,Bandung,Laptop,Laptop X1,14988000,2,29976000,Debit,L,49.0,2.0,Reguler,1487000
TRX01305,2026-04-21,Jakarta,Aksesoris,Mouse Wireless,496000,4,1984000,E-Wallet,L,29.0,2.0,Reguler,1050000
TRX00956,2026-04-21,Surabaya,Laptop,Laptop A14,13598000,1,13598000,E-Wallet,L,24.0,4.0,Reguler,2073000
TRX00269,2026-04-21,Malang,Aksesoris,Earphone Bluetooth,291000,4,1164000,Tunai,L,25.0,5.0,Reguler,2193000
TRX02144,2026-04-21,Malang,Aksesoris,Earphone Bluetooth,381000,4,1524000,Kredit,P,38.0,5.0,Reguler,1869000
TRX01952,2026-04-21,Malang,Laptop,Laptop UltraSlim,8801000,5,44005000,Tunai,P,,4.0,Reguler,2507000
TRX00987,2026-04-22,Surabaya,Elektronik Rumah Tangga,Kulkas 2 Pintu,5959000,1,5959000,E-Wallet,P,32.0,5.0,Reguler,559000
TRX01135,2026-04-22,Jakarta,Smartphone,Smartphone Air,1893000,4,7572000,Kredit,L,41.0,4.0,Reguler,1804000
TRX01829,2026-04-22,Surabaya,Elektronik Rumah Tangga,Rice Cooker,4018000,5,20090000,Debit,L,55.0,4.0,Reguler,398000
TRX00323,2026-04-22,Surabaya,Smartphone,Smartphone Air,3597000,1,3597000,Debit,P,35.0,5.0,Reguler,2070000
TRX00672,2026-04-22,Jakarta,Laptop,Laptop UltraSlim,10438000,5,52190000,E-Wallet,L,36.0,5.0,Reguler,2140000
TRX01885,2026-04-22,Malang,Laptop,Laptop ProBook,12498000,3,37494000,Kredit,L,39.0,2.0,Reguler,455000
TRX02027,2026-04-22,Surabaya,Aksesoris,Casing HP,316000,3,948000,Debit,L,32.0,4.0,Reguler,240000
TRX00900,2026-04-22,Surabaya,Laptop,Laptop X1,8336000,4,33344000,Debit,P,37.0,5.0,Reguler,671000
TRX01846,2026-04-22,Surabaya,Aksesoris,Casing HP,304000,1,304000,Kredit,P,44.0,4.0,Reguler,509000
TRX00953,2026-04-22,Surabaya,Laptop,Laptop X1,8771000,5,43855000,E-Wallet,P,18.0,5.0,Reguler,2743000
TRX00601,2026-04-22,Bandung,Laptop,Laptop ProBook,9406000,2,18812000,Kredit,P,,4.0,Reguler,777000
TRX00702,2026-04-22,Jakarta,Smartphone,Smartphone MaxEdge,4730000,4,18920000,E-Wallet,L,27.0,3.0,Reguler,1975000
TRX00825,2026-04-23,Malang,Elektronik Rumah Tangga,Kulkas 2 Pintu,2355000,5,11775000,Debit,P,36.0,3.0,Reguler,653000
TRX01540,2026-04-23,Malang,Laptop,Laptop A14,13010000,1,13010000,E-Wallet,P,22.0,4.0,Reguler,584000
TRX01661,2026-04-23,Jakarta,Laptop,Laptop A14,11461000,4,45844000,Debit,P,36.0,4.0,Reguler,342000
TRX01397,2026-04-23,Surabaya,Smartphone,Smartphone MaxEdge,5732000,2,11464000,Tunai,L,51.0,4.0,Reguler,1913000
TRX00675,2026-04-23,Jakarta,Laptop,Laptop X1,8268000,2,16536000,E-Wallet,L,18.0,4.0,Reguler,502000
TRX01982,2026-04-23,Malang,Smartphone,Smartphone NovaLite,5639000,2,11278000,Debit,L,26.0,5.0,Reguler,2430000
TRX01638,2026-04-23,Surabaya,Aksesoris,Mouse Wireless,245000,5,1225000,E-Wallet,L,41.0,5.0,Reguler,878000
TRX01290,2026-04-23,Malang,Elektronik Rumah Tangga,Kipas Angin,919000,5,4595000,E-Wallet,P,44.0,5.0,Reguler,2407000
TRX01200,2026-04-23,Jakarta,Aksesoris,Powerbank 10000mAh,88000,2,176000,Debit,L,47.0,3.0,Reguler,267000
TRX01211,2026-04-23,Bandung,Smartphone,Smartphone Air,2656000,2,5312000,E-Wallet,P,20.0,4.0,Reguler,1175000
TRX01554,2026-04-23,Jakarta,Laptop,Laptop ProBook,6651000,1,6651000,Kredit,P,31.0,5.0,Reguler,2251000
TRX00343,2026-04-23,Malang,Aksesoris,Powerbank 10000mAh,91000,1,91000,E-Wallet,L,35.0,4.0,Reguler,2485000
TRX00245,2026-04-24,Bandung,Smartphone,Smartphone Z5,3680000,3,11040000,Kredit,L,32.0,,Reguler,917000
TRX01171,2026-04-24,Jakarta,Elektronik Rumah Tangga,TV LED 32in,4071000,4,16284000,E-Wallet,L,24.0,4.0,Reguler,839000
TRX00599,2026-04-24,Bandung,Laptop,Laptop ProBook,13602000,4,54408000,E-Wallet,L,36.0,5.0,Reguler,1678000
TRX01753,2026-04-24,Jakarta,Smartphone,Smartphone Air,6368000,1,6368000,Debit,P,27.0,5.0,Reguler,774000
TRX01755,2026-04-24,Jakarta,Aksesoris,Earphone Bluetooth,193000,3,579000,E-Wallet,P,29.0,4.0,Reguler,256000
TRX02128,2026-04-24,Malang,Aksesoris,Casing HP,326000,4,1304000,Debit,L,27.0,1.0,Reguler,632000
TRX00240,2026-04-24,Surabaya,Smartphone,Smartphone NovaLite,1901000,2,3802000,Debit,L,42.0,5.0,Reguler,2853000
TRX02179,2026-04-24,Surabaya,Smartphone,Smartphone Z5,5582000,1,5582000,Tunai,P,38.0,4.0,Reguler,1024000
TRX00085,2026-04-24,Malang,Laptop,Laptop A14,10450000,3,31350000,Tunai,P,48.0,1.0,Reguler,307000
TRX00996,2026-04-24,Surabaya,Smartphone,Smartphone MaxEdge,7308000,1,7308000,E-Wallet,L,,2.0,Reguler,2997000
TRX00458,2026-04-25,Surabaya,Smartphone,Smartphone MaxEdge,7269000,5,36345000,Kredit,L,30.0,3.0,Reguler,2760000
TRX00658,2026-04-25,Bandung,Elektronik Rumah Tangga,TV LED 32in,4602000,2,9204000,Debit,L,24.0,5.0,Reguler,359000
TRX00040,2026-04-25,Jakarta,Smartphone,Smartphone Z5,5461000,1,5461000,Tunai,L,39.0,3.0,Reguler,349000
TRX00130,2026-04-25,Malang,Aksesoris,Mouse Wireless,177000,3,531000,E-Wallet,P,41.0,5.0,Reguler,1586000
TRX02158,2026-04-25,Surabaya,Aksesoris,Powerbank 10000mAh,394000,1,394000,E-Wallet,P,46.0,5.0,Reguler,1239000
TRX00192,2026-04-25,Jakarta,Laptop,Laptop ProBook,9554000,1,9554000,E-Wallet,L,35.0,4.0,Reguler,2377000
TRX01417,2026-04-25,Malang,Smartphone,Smartphone Air,5118000,1,5118000,Debit,P,21.0,5.0,Reguler,514000
TRX01172,2026-04-25,Jakarta,Smartphone,Smartphone Z5,7024000,1,7024000,Debit,L,33.0,,Reguler,1601000
TRX02010,2026-04-25,Bandung,Smartphone,Smartphone Air,5825000,3,17475000,Kredit,L,34.0,4.0,Reguler,2637000
TRX00475,2026-04-25,Malang,Aksesoris,Mouse Wireless,238000,4,952000,E-Wallet,L,30.0,3.0,Reguler,633000
TRX00743,2026-04-25,Malang,Laptop,Laptop ProBook,13232000,3,39696000,Debit,P,26.0,5.0,Reguler,416000
TRX01111,2026-04-25,Bandung,Smartphone,Smartphone MaxEdge,2198000,1,2198000,E-Wallet,L,32.0,4.0,Reguler,955000
TRX00880,2026-04-25,Malang,Elektronik Rumah Tangga,TV LED 32in,3265000,4,13060000,Debit,P,38.0,4.0,Reguler,1565000
TRX00958,2026-04-25,Surabaya,Smartphone,Smartphone MaxEdge,7579000,1,7579000,Debit,L,43.0,5.0,Reguler,233000
TRX01196,2026-04-25,Malang,Smartphone,Smartphone NovaLite,4432000,2,8864000,Tunai,L,27.0,4.0,Reguler,1264000
TRX01370,2026-04-25,Surabaya,Smartphone,Smartphone Z5,2420000,3,7260000,E-Wallet,P,30.0,5.0,Reguler,1461000
TRX02185,2026-04-25,Malang,Elektronik Rumah Tangga,TV LED 32in,4080000,4,16320000,Debit,L,25.0,3.0,Reguler,1001000
TRX00341,2026-04-25,Malang,Smartphone,Smartphone Z5,4055000,5,20275000,E-Wallet,P,32.0,,Reguler,626000
TRX01235,2026-04-26,Surabaya,Smartphone,Smartphone NovaLite,7777000,3,23331000,Tunai,P,38.0,5.0,Reguler,1651000
TRX01337,2026-04-26,Surabaya,Smartphone,Smartphone Air,1515000,5,7575000,Kredit,L,25.0,5.0,Reguler,1714000
TRX01994,2026-04-26,Bandung,Aksesoris,Mouse Wireless,192000,2,384000,Tunai,L,28.0,5.0,Reguler,1066000
TRX01467,2026-04-26,Malang,Aksesoris,Powerbank 10000mAh,343000,3,1029000,Debit,L,,,Reguler,2579000
TRX00673,2026-04-26,Jakarta,Smartphone,Smartphone MaxEdge,2813000,2,5626000,Kredit,P,33.0,4.0,Reguler,2184000
TRX01585,2026-04-26,Malang,Elektronik Rumah Tangga,Kipas Angin,5953000,5,29765000,Debit,P,38.0,2.0,Reguler,1396000
TRX01985,2026-04-26,Jakarta,Laptop,Laptop A14,8621000,3,25863000,E-Wallet,P,18.0,3.0,Reguler,2064000
TRX00920,2026-04-26,Surabaya,Aksesoris,Mouse Wireless,208000,3,624000,Debit,P,44.0,3.0,Reguler,1795000
TRX01128,2026-04-26,Malang,Laptop,Laptop A14,8135000,3,24405000,E-Wallet,L,46.0,4.0,Reguler,2626000
TRX00616,2026-04-26,Jakarta,Smartphone,Smartphone MaxEdge,5229000,1,5229000,Kredit,L,26.0,5.0,Reguler,934000
TRX00099,2026-04-26,Malang,Aksesoris,Earphone Bluetooth,93000,3,279000,Debit,P,21.0,5.0,Reguler,2365000
TRX00782,2026-04-26,Jakarta,Smartphone,Smartphone Z5,3463000,2,6926000,Debit,P,21.0,5.0,Reguler,1561000
TRX00026,2026-04-27,Surabaya,Aksesoris,Casing HP,108000,1,108000,E-Wallet,P,39.0,4.0,Reguler,2697000
TRX00569,2026-04-27,Malang,Aksesoris,Casing HP,122000,4,488000,Tunai,P,18.0,4.0,Reguler,2125000
TRX01715,2026-04-27,Malang,Laptop,Laptop A14,13159000,5,65795000,Debit,P,38.0,5.0,Reguler,1587000
TRX00600,2026-04-27,Jakarta,Laptop,Laptop X1,5342000,1,5342000,Tunai,P,44.0,4.0,Reguler,2388000
TRX02184,2026-04-27,Malang,Smartphone,Smartphone MaxEdge,2504000,4,10016000,E-Wallet,P,55.0,4.0,Reguler,1283000
TRX01717,2026-04-27,Malang,Smartphone,Smartphone MaxEdge,7264000,4,29056000,E-Wallet,P,27.0,4.0,Reguler,488000
TRX01068,2026-04-27,Surabaya,Smartphone,Smartphone Air,5298000,5,26490000,Debit,P,38.0,4.0,Reguler,2666000
TRX01221,2026-04-28,Malang,Laptop,Laptop X1,11195000,4,44780000,E-Wallet,P,35.0,4.0,Reguler,467000
TRX02015,2026-04-28,Surabaya,Smartphone,Smartphone Z5,3309000,5,16545000,E-Wallet,P,18.0,4.0,Reguler,1757000
TRX01205,2026-04-28,Surabaya,Laptop,Laptop UltraSlim,14946000,4,59784000,Tunai,P,46.0,5.0,Reguler,497000
TRX01887,2026-04-28,Malang,Laptop,Laptop X1,11407000,4,45628000,Tunai,L,,5.0,Reguler,2487000
TRX00984,2026-04-28,Malang,Laptop,Laptop UltraSlim,11354000,5,56770000,Debit,P,35.0,5.0,Reguler,2997000
TRX00824,2026-04-28,Surabaya,Smartphone,Smartphone NovaLite,1892000,4,7568000,E-Wallet,P,49.0,5.0,Reguler,1499000
TRX01089,2026-04-28,Malang,Aksesoris,Powerbank 10000mAh,400000,4,1600000,Kredit,P,38.0,5.0,Reguler,1835000
TRX00244,2026-04-28,Surabaya,Laptop,Laptop ProBook,9798000,4,39192000,Debit,P,26.0,,Reguler,2093000
TRX00934,2026-04-28,Surabaya,Aksesoris,Casing HP,226000,4,904000,Debit,P,33.0,2.0,Reguler,1664000
TRX01255,2026-04-28,Surabaya,Smartphone,Smartphone Z5,3142000,4,12568000,E-Wallet,P,18.0,4.0,Reguler,865000
TRX00771,2026-04-28,Surabaya,Smartphone,Smartphone Air,3080000,5,15400000,Kredit,P,21.0,4.0,Reguler,1758000
TRX02072,2026-04-28,Jakarta,Elektronik Rumah Tangga,Kipas Angin,5702000,1,5702000,Debit,L,19.0,3.0,Reguler,210000
TRX01130,2026-04-28,Jakarta,Laptop,Laptop A14,7776000,1,7776000,Debit,L,32.0,4.0,Reguler,2413000
TRX00502,2026-04-28,Malang,Laptop,Laptop X1,14582000,1,14582000,E-Wallet,L,48.0,3.0,Reguler,1925000
TRX01723,2026-04-29,Malang,Elektronik Rumah Tangga,TV LED 32in,814000,5,4070000,Tunai,L,37.0,4.0,Reguler,1161000
TRX00003,2026-04-29,Jakarta,Smartphone,Smartphone Z5,3626000,2,7252000,Tunai,P,22.0,3.0,Reguler,740000
TRX01438,2026-04-29,Surabaya,Laptop,Laptop A14,12760000,1,12760000,E-Wallet,L,27.0,4.0,Reguler,1524000
TRX01693,2026-04-29,Jakarta,Aksesoris,Powerbank 10000mAh,414000,1,414000,E-Wallet,P,30.0,5.0,Reguler,2997000
TRX00652,2026-04-29,Malang,Elektronik Rumah Tangga,Rice Cooker,3153000,1,3153000,Tunai,P,34.0,5.0,Reguler,2142000
TRX01398,2026-04-29,Malang,Smartphone,Smartphone Air,7957000,1,7957000,Kredit,L,48.0,4.0,Reguler,2009000
TRX00123,2026-04-29,Bandung,Aksesoris,Mouse Wireless,175000,3,525000,Debit,L,45.0,4.0,Reguler,1660000
TRX00986,2026-04-29,Malang,Laptop,Laptop X1,6420000,5,32100000,Debit,L,31.0,4.0,Reguler,2594000
TRX01224,2026-04-29,Malang,Elektronik Rumah Tangga,TV LED 32in,1845000,3,5535000,Kredit,P,18.0,3.0,Reguler,1365000
TRX02086,2026-04-29,Malang,Aksesoris,Earphone Bluetooth,97000,4,388000,E-Wallet,P,44.0,5.0,Reguler,1548000
TRX02195,2026-04-29,Surabaya,Elektronik Rumah Tangga,Rice Cooker,1541000,4,6164000,Kredit,P,26.0,4.0,Reguler,288000
TRX00842,2026-04-29,Surabaya,Smartphone,Smartphone MaxEdge,6747000,3,20241000,E-Wallet,P,18.0,5.0,Reguler,1784000
TRX01277,2026-04-29,Bandung,Aksesoris,Mouse Wireless,250000,5,1250000,E-Wallet,L,30.0,3.0,Reguler,1912000
TRX01812,2026-04-29,Malang,Aksesoris,Casing HP,456000,1,456000,Debit,L,26.0,4.0,Reguler,1518000
TRX01597,2026-04-30,Jakarta,Laptop,Laptop A14,12192000,5,60960000,Kredit,P,30.0,3.0,Reguler,2308000
TRX01959,2026-04-30,Malang,Smartphone,Smartphone Z5,3662000,1,3662000,Debit,P,30.0,4.0,Reguler,2930000
TRX00156,2026-04-30,Bandung,Aksesoris,Casing HP,388000,2,776000,Debit,L,26.0,5.0,Reguler,2023000
TRX02050,2026-04-30,Malang,Laptop,Laptop X1,6891000,1,6891000,Debit,L,38.0,,Reguler,2302000
TRX02023,2026-04-30,Surabaya,Elektronik Rumah Tangga,Kulkas 2 Pintu,1358000,2,2716000,Tunai,L,21.0,5.0,Reguler,2776000
TRX02088,2026-04-30,Bandung,Laptop,Laptop A14,11975000,5,59875000,Kredit,L,34.0,3.0,Reguler,1863000
TRX00316,2026-04-30,Jakarta,Aksesoris,Powerbank 10000mAh,104000,1,104000,Kredit,L,31.0,5.0,Reguler,303000
TRX00255,2026-04-30,Bandung,Smartphone,Smartphone Air,5209000,3,15627000,Debit,L,40.0,4.0,Reguler,2210000
TRX01981,2026-04-30,Malang,Elektronik Rumah Tangga,Kulkas 2 Pintu,4088000,3,12264000,Tunai,L,36.0,4.0,Reguler,2215000
TRX00446,2026-04-30,Surabaya,Aksesoris,Casing HP,182000,2,364000,Debit,L,22.0,,Reguler,2599000
TRX02022,2026-04-30,Surabaya,Aksesoris,Powerbank 10000mAh,62000,4,248000,Debit,P,26.0,4.0,Reguler,2753000
TRX00372,2026-04-30,Malang,Aksesoris,Casing HP,248000,2,496000,Tunai,P,39.0,4.0,Reguler,1760000
TRX00730,2026-04-30,Surabaya,Elektronik Rumah Tangga,TV LED 32in,1777000,2,3554000,E-Wallet,P,45.0,4.0,Reguler,330000
TRX00311,2026-05-01,Jakarta,Aksesoris,Mouse Wireless,99000,1,99000,E-Wallet,L,30.0,2.0,Reguler,1134000
TRX00237,2026-05-01,Malang,Laptop,Laptop UltraSlim,14619000,2,29238000,Debit,P,33.0,4.0,Reguler,1628000
TRX00819,2026-05-01,Surabaya,Smartphone,Smartphone Air,5961000,4,23844000,Debit,P,46.0,4.0,Reguler,2335000
TRX00122,2026-05-01,Malang,Smartphone,Smartphone Air,7400000,5,37000000,Kredit,P,33.0,5.0,Reguler,2453000
TRX00822,2026-05-01,Surabaya,Aksesoris,Powerbank 10000mAh,154000,4,616000,E-Wallet,P,42.0,,Reguler,496000
TRX00108,2026-05-01,Surabaya,Smartphone,Smartphone NovaLite,4739000,3,14217000,Debit,P,39.0,3.0,Reguler,2097000
TRX02102,2026-05-01,Bandung,Laptop,Laptop UltraSlim,10805000,3,32415000,Debit,L,45.0,2.0,Reguler,2268000
TRX01049,2026-05-01,Jakarta,Smartphone,Smartphone Z5,7962000,2,15924000,E-Wallet,L,38.0,3.0,Reguler,1941000
TRX01648,2026-05-01,Malang,Aksesoris,Powerbank 10000mAh,275000,3,825000,Debit,P,,4.0,Reguler,2017000
TRX02084,2026-05-01,Malang,Laptop,Laptop UltraSlim,8633000,1,8633000,E-Wallet,P,33.0,,Reguler,2965000
TRX00162,2026-05-01,Surabaya,Aksesoris,Casing HP,427000,5,2135000,Tunai,P,,4.0,Reguler,2591000
TRX00479,2026-05-01,Bandung,Aksesoris,Mouse Wireless,52000,3,156000,Debit,P,49.0,4.0,Reguler,929000
TRX00283,2026-05-02,Surabaya,Smartphone,Smartphone Z5,4989000,2,9978000,Tunai,L,50.0,4.0,Reguler,564000
TRX01306,2026-05-02,Malang,Smartphone,Smartphone Z5,6905000,5,34525000,Tunai,L,45.0,4.0,Reguler,1254000
TRX01813,2026-05-02,Surabaya,Aksesoris,Powerbank 10000mAh,387000,5,1935000,E-Wallet,P,25.0,5.0,Reguler,2792000
TRX00312,2026-05-02,Bandung,Smartphone,Smartphone Air,4798000,2,9596000,Debit,L,34.0,4.0,Reguler,2850000
TRX01132,2026-05-02,Jakarta,Elektronik Rumah Tangga,Kulkas 2 Pintu,4449000,2,8898000,Debit,P,35.0,4.0,Reguler,1000000
TRX00080,2026-05-02,Malang,Elektronik Rumah Tangga,Rice Cooker,5081000,3,15243000,Tunai,P,44.0,5.0,Reguler,2701000
TRX00736,2026-05-02,Malang,Smartphone,Smartphone Air,6130000,1,6130000,Debit,P,37.0,4.0,Reguler,2928000
TRX01613,2026-05-02,Malang,Smartphone,Smartphone MaxEdge,2745000,3,8235000,Debit,P,45.0,4.0,Reguler,2855000
TRX00859,2026-05-02,Jakarta,Smartphone,Smartphone Air,4379000,2,8758000,Tunai,P,,4.0,Reguler,2094000
TRX01427,2026-05-02,Bandung,Aksesoris,Mouse Wireless,125000,1,125000,Kredit,L,20.0,3.0,Reguler,585000
TRX00641,2026-05-02,Malang,Laptop,Laptop A14,12358000,4,49432000,Debit,L,24.0,4.0,Reguler,1502000
TRX01274,2026-05-03,Malang,Smartphone,Smartphone MaxEdge,6181000,1,6181000,Debit,L,41.0,3.0,Reguler,2332000
TRX00049,2026-05-03,Surabaya,Aksesoris,Earphone Bluetooth,285000,4,1140000,Debit,P,,,Reguler,1182000
TRX01668,2026-05-03,Jakarta,Smartphone,Smartphone MaxEdge,7913000,1,7913000,Tunai,P,48.0,4.0,Reguler,2192000
TRX01071,2026-05-03,Surabaya,Smartphone,Smartphone NovaLite,5249000,5,26245000,E-Wallet,L,29.0,4.0,Reguler,2593000
TRX01298,2026-05-03,Malang,Laptop,Laptop ProBook,10773000,5,53865000,E-Wallet,L,38.0,3.0,Reguler,310000
TRX01327,2026-05-03,Malang,Aksesoris,Mouse Wireless,76000,1,76000,E-Wallet,P,37.0,5.0,Reguler,2721000
TRX01424,2026-05-03,Jakarta,Aksesoris,Mouse Wireless,394000,5,1970000,Debit,P,39.0,4.0,Reguler,2702000
TRX02112,2026-05-03,Jakarta,Aksesoris,Powerbank 10000mAh,233000,4,932000,E-Wallet,P,34.0,5.0,Reguler,2831000
TRX00257,2026-05-03,Surabaya,Smartphone,Smartphone Z5,1537000,2,3074000,Debit,P,20.0,5.0,Reguler,1110000
TRX00416,2026-05-03,Malang,Aksesoris,Mouse Wireless,236000,3,708000,E-Wallet,P,25.0,5.0,Reguler,1118000
TRX02034,2026-05-03,Malang,Laptop,Laptop X1,7748000,4,30992000,Kredit,P,50.0,4.0,Reguler,744000
TRX01329,2026-05-03,Jakarta,Laptop,Laptop UltraSlim,12274000,1,12274000,Tunai,P,,5.0,Reguler,2904000
TRX00711,2026-05-03,Malang,Smartphone,Smartphone Z5,5893000,3,17679000,Debit,L,36.0,2.0,Reguler,1152000
TRX00060,2026-05-04,Jakarta,Aksesoris,Powerbank 10000mAh,167000,1,167000,Kredit,L,36.0,2.0,Reguler,2906000
TRX01703,2026-05-04,Malang,Aksesoris,Mouse Wireless,483000,5,2415000,Tunai,L,35.0,5.0,Reguler,1574000
TRX01780,2026-05-04,Malang,Aksesoris,Powerbank 10000mAh,463000,3,1389000,Debit,P,18.0,5.0,Reguler,1977000
TRX01973,2026-05-04,Jakarta,Aksesoris,Powerbank 10000mAh,63000,5,315000,E-Wallet,P,32.0,5.0,Reguler,473000
TRX00827,2026-05-04,Surabaya,Smartphone,Smartphone NovaLite,7539000,5,37695000,E-Wallet,P,51.0,5.0,Reguler,2026000
TRX01696,2026-05-04,Surabaya,Laptop,Laptop UltraSlim,6125000,1,6125000,Tunai,P,18.0,5.0,Reguler,982000
TRX00098,2026-05-04,Jakarta,Laptop,Laptop ProBook,14568000,2,29136000,Debit,L,31.0,4.0,Reguler,730000
TRX01510,2026-05-04,Surabaya,Smartphone,Smartphone MaxEdge,2898000,2,5796000,E-Wallet,P,18.0,4.0,Reguler,916000
TRX00813,2026-05-04,Bandung,Aksesoris,Earphone Bluetooth,169000,4,676000,Debit,L,23.0,3.0,Reguler,713000
TRX00550,2026-05-04,Jakarta,Smartphone,Smartphone Air,5399000,2,10798000,Debit,L,32.0,4.0,Reguler,2916000
TRX00191,2026-05-04,Surabaya,Smartphone,Smartphone Air,1893000,2,3786000,Kredit,L,39.0,2.0,Reguler,1910000
TRX00075,2026-05-05,Surabaya,Smartphone,Smartphone NovaLite,5836000,4,23344000,Kredit,P,39.0,4.0,Reguler,2860000
TRX01547,2026-05-05,Jakarta,Laptop,Laptop ProBook,8249000,3,24747000,E-Wallet,P,36.0,3.0,Reguler,2669000
TRX01062,2026-05-05,Malang,Smartphone,Smartphone Z5,4622000,5,23110000,Debit,L,27.0,,Reguler,2468000
TRX00587,2026-05-05,Surabaya,Elektronik Rumah Tangga,Rice Cooker,2987000,5,14935000,Tunai,P,24.0,4.0,Reguler,351000
TRX00636,2026-05-05,Jakarta,Smartphone,Smartphone NovaLite,3846000,2,7692000,E-Wallet,P,33.0,5.0,Reguler,413000
TRX01149,2026-05-05,Surabaya,Smartphone,Smartphone NovaLite,7292000,4,29168000,Tunai,P,25.0,3.0,Reguler,502000
TRX00615,2026-05-05,Surabaya,Smartphone,Smartphone Air,2393000,2,4786000,Tunai,P,34.0,2.0,Reguler,1631000
TRX00788,2026-05-05,Malang,Aksesoris,Mouse Wireless,170000,2,340000,Tunai,P,35.0,4.0,Reguler,1538000
TRX02136,2026-05-05,Malang,Laptop,Laptop X1,14058000,4,56232000,E-Wallet,P,26.0,4.0,Reguler,1062000
TRX01614,2026-05-06,Malang,Elektronik Rumah Tangga,Kulkas 2 Pintu,5115000,2,10230000,Kredit,L,,2.0,Reguler,1402000
TRX00422,2026-05-06,Surabaya,Smartphone,Smartphone MaxEdge,3121000,4,12484000,E-Wallet,P,25.0,4.0,Reguler,434000
TRX01183,2026-05-06,Surabaya,Aksesoris,Casing HP,483000,1,483000,Tunai,P,34.0,3.0,Reguler,2332000
TRX00666,2026-05-06,Malang,Laptop,Laptop ProBook,5950000,5,29750000,Debit,P,49.0,4.0,Reguler,1601000
TRX00941,2026-05-06,Malang,Aksesoris,Mouse Wireless,303000,3,909000,Tunai,L,26.0,,Reguler,2034000
TRX00204,2026-05-07,Malang,Aksesoris,Powerbank 10000mAh,385000,4,1540000,Debit,P,18.0,4.0,Reguler,2927000
TRX01303,2026-05-07,Jakarta,Elektronik Rumah Tangga,Rice Cooker,3282000,4,13128000,E-Wallet,L,45.0,5.0,Reguler,1053000
TRX00875,2026-05-07,Malang,Aksesoris,Mouse Wireless,84000,4,336000,E-Wallet,L,,3.0,Reguler,1021000
TRX02075,2026-05-07,Jakarta,Aksesoris,Powerbank 10000mAh,75000,3,225000,Kredit,P,38.0,4.0,Reguler,1512000
TRX02141,2026-05-07,Bandung,Laptop,Laptop X1,5271000,3,15813000,E-Wallet,P,44.0,,Reguler,730000
TRX00086,2026-05-07,Jakarta,Aksesoris,Mouse Wireless,306000,2,612000,Debit,P,34.0,,Reguler,1329000
TRX00932,2026-05-07,Surabaya,Laptop,Laptop X1,9167000,5,45835000,Tunai,L,34.0,4.0,Reguler,2199000
TRX00043,2026-05-07,Jakarta,Laptop,Laptop A14,7234000,2,14468000,Tunai,L,39.0,4.0,Reguler,2227000
TRX01472,2026-05-07,Surabaya,Smartphone,Smartphone NovaLite,6409000,2,12818000,Debit,L,43.0,5.0,Reguler,330000
TRX00175,2026-05-07,Malang,Smartphone,Smartphone Air,6065000,2,12130000,Debit,P,36.0,1.0,Reguler,2491000
TRX02120,2026-05-07,Surabaya,Smartphone,Smartphone MaxEdge,7310000,1,7310000,Debit,P,38.0,4.0,Reguler,1071000
TRX01348,2026-05-07,Surabaya,Laptop,Laptop UltraSlim,6787000,4,27148000,Tunai,P,36.0,3.0,Reguler,1932000
TRX00866,2026-05-07,Malang,Laptop,Laptop UltraSlim,14314000,3,42942000,E-Wallet,L,43.0,1.0,Reguler,2674000
TRX00008,2026-05-07,Surabaya,Laptop,Laptop ProBook,14715000,2,29430000,Tunai,P,39.0,4.0,Reguler,1006000
TRX02181,2026-05-07,Jakarta,Laptop,Laptop UltraSlim,8980000,5,44900000,E-Wallet,L,43.0,4.0,Reguler,578000
TRX00184,2026-05-07,Jakarta,Smartphone,Smartphone NovaLite,3728000,2,7456000,Kredit,L,31.0,4.0,Reguler,855000
TRX01733,2026-05-07,Surabaya,Laptop,Laptop UltraSlim,6041000,2,12082000,Tunai,L,29.0,5.0,Reguler,1717000
TRX00223,2026-05-08,Malang,Laptop,Laptop X1,11319000,1,11319000,Debit,P,47.0,4.0,Reguler,1740000
TRX01539,2026-05-08,Jakarta,Laptop,Laptop ProBook,5469000,1,5469000,E-Wallet,L,46.0,2.0,Reguler,799000
TRX01041,2026-05-08,Bandung,Laptop,Laptop A14,8196000,2,16392000,Kredit,P,38.0,4.0,Reguler,2760000
TRX01595,2026-05-08,Bandung,Aksesoris,Earphone Bluetooth,365000,2,730000,Debit,L,21.0,,Reguler,989000
TRX00110,2026-05-08,Surabaya,Laptop,Laptop X1,7476000,3,22428000,Debit,L,39.0,5.0,Reguler,747000
TRX01064,2026-05-08,Surabaya,Elektronik Rumah Tangga,Kipas Angin,2888000,2,5776000,Tunai,P,33.0,5.0,Reguler,1187000
TRX00982,2026-05-08,Malang,Smartphone,Smartphone MaxEdge,6320000,5,31600000,Debit,P,38.0,5.0,Reguler,734000
TRX02155,2026-05-08,Malang,Elektronik Rumah Tangga,Kulkas 2 Pintu,2488000,2,4976000,E-Wallet,P,33.0,4.0,Reguler,883000
TRX01194,2026-05-08,Surabaya,Laptop,Laptop ProBook,12603000,2,25206000,E-Wallet,L,25.0,1.0,Reguler,2379000
TRX00906,2026-05-09,Bandung,Aksesoris,Casing HP,104000,5,520000,Tunai,P,44.0,5.0,Reguler,645000
TRX01317,2026-05-09,Malang,Laptop,Laptop UltraSlim,14402000,4,57608000,E-Wallet,L,19.0,5.0,Reguler,1013000
TRX00892,2026-05-09,Jakarta,Aksesoris,Powerbank 10000mAh,235000,5,1175000,Kredit,P,47.0,,Reguler,885000
TRX01522,2026-05-09,Bandung,Smartphone,Smartphone Z5,7226000,1,7226000,Debit,L,33.0,3.0,Reguler,825000
TRX01600,2026-05-09,Bandung,Aksesoris,Powerbank 10000mAh,331000,2,662000,Tunai,P,34.0,2.0,Reguler,2943000
TRX00541,2026-05-09,Jakarta,Aksesoris,Earphone Bluetooth,455000,2,910000,Tunai,P,18.0,2.0,Reguler,511000
TRX01077,2026-05-09,Surabaya,Aksesoris,Powerbank 10000mAh,295000,1,295000,Tunai,L,33.0,5.0,Reguler,759000
TRX01045,2026-05-09,Surabaya,Aksesoris,Powerbank 10000mAh,360000,1,360000,E-Wallet,L,,2.0,Reguler,1643000
TRX01894,2026-05-09,Surabaya,Aksesoris,Casing HP,485000,3,1455000,E-Wallet,L,36.0,1.0,Reguler,1960000
TRX01197,2026-05-10,Jakarta,Smartphone,Smartphone MaxEdge,7133000,1,7133000,Tunai,P,25.0,3.0,Reguler,470000
TRX00177,2026-05-10,Malang,Aksesoris,Mouse Wireless,347000,3,1041000,Debit,L,39.0,4.0,Reguler,1659000
TRX01332,2026-05-10,Jakarta,Smartphone,Smartphone NovaLite,7700000,1,7700000,E-Wallet,L,21.0,1.0,Reguler,1112000
TRX00774,2026-05-10,Bandung,Laptop,Laptop X1,11289000,1,11289000,E-Wallet,L,41.0,5.0,Reguler,1109000
TRX00015,2026-05-10,Bandung,Smartphone,Smartphone MaxEdge,6642000,2,13284000,E-Wallet,L,,4.0,Reguler,1974000
TRX02131,2026-05-10,Surabaya,Smartphone,Smartphone Air,3971000,3,11913000,E-Wallet,L,24.0,4.0,Reguler,466000
TRX01276,2026-05-10,Malang,Laptop,Laptop UltraSlim,10701000,1,10701000,Kredit,L,42.0,4.0,Reguler,2613000
TRX01675,2026-05-10,Jakarta,Smartphone,Smartphone MaxEdge,6441000,1,6441000,Debit,P,,,Reguler,972000
TRX00430,2026-05-10,Malang,Aksesoris,Mouse Wireless,486000,2,972000,Debit,P,40.0,2.0,Reguler,1063000
TRX00212,2026-05-10,Bandung,Aksesoris,Powerbank 10000mAh,343000,3,1029000,Debit,P,26.0,5.0,Reguler,2880000
TRX02055,2026-05-10,Malang,Elektronik Rumah Tangga,Rice Cooker,857000,3,2571000,E-Wallet,P,41.0,3.0,Reguler,640000
TRX00174,2026-05-11,Surabaya,Smartphone,Smartphone MaxEdge,1893000,4,7572000,Tunai,P,22.0,5.0,Reguler,936000
TRX01903,2026-05-11,Malang,Laptop,Laptop X1,14288000,2,28576000,E-Wallet,L,29.0,4.0,Reguler,2318000
TRX01641,2026-05-11,Malang,Elektronik Rumah Tangga,Kulkas 2 Pintu,876000,3,2628000,Debit,L,41.0,4.0,Reguler,401000
TRX00727,2026-05-11,Surabaya,Aksesoris,Casing HP,187000,4,748000,E-Wallet,P,37.0,4.0,Reguler,2759000
TRX02064,2026-05-11,Jakarta,Elektronik Rumah Tangga,TV LED 32in,2361000,4,9444000,E-Wallet,L,49.0,5.0,Reguler,1501000
TRX01119,2026-05-11,Bandung,Laptop,Laptop X1,10300000,2,20600000,E-Wallet,L,29.0,2.0,Reguler,1999000
TRX00697,2026-05-11,Surabaya,Laptop,Laptop UltraSlim,8880000,1,8880000,E-Wallet,P,21.0,5.0,Reguler,1555000
TRX00681,2026-05-11,Malang,Laptop,Laptop X1,9864000,5,49320000,Debit,P,29.0,5.0,Reguler,576000
TRX00236,2026-05-11,Bandung,Aksesoris,Mouse Wireless,382000,2,764000,Tunai,L,31.0,5.0,Reguler,753000
TRX00225,2026-05-11,Surabaya,Smartphone,Smartphone Air,4996000,3,14988000,Debit,L,51.0,4.0,Reguler,2366000
TRX01750,2026-05-11,Surabaya,Elektronik Rumah Tangga,TV LED 32in,4792000,3,14376000,E-Wallet,L,30.0,5.0,Reguler,1074000
TRX01208,2026-05-11,Surabaya,Laptop,Laptop UltraSlim,6976000,1,6976000,Debit,P,46.0,5.0,Reguler,965000
TRX00395,2026-05-11,Surabaya,Aksesoris,Earphone Bluetooth,144000,4,576000,E-Wallet,P,21.0,4.0,Reguler,553000
TRX00793,2026-05-11,Surabaya,Aksesoris,Powerbank 10000mAh,442000,4,1768000,Tunai,P,22.0,5.0,Reguler,1629000
TRX00461,2026-05-11,Bandung,Elektronik Rumah Tangga,Rice Cooker,5792000,3,17376000,Kredit,L,42.0,5.0,Reguler,656000
TRX02019,2026-05-11,Malang,Smartphone,Smartphone Air,6860000,4,27440000,Debit,P,50.0,5.0,Reguler,2172000
TRX01670,2026-05-12,Bandung,Aksesoris,Powerbank 10000mAh,456000,5,2280000,Kredit,L,19.0,4.0,Reguler,2773000
TRX01598,2026-05-12,Malang,Smartphone,Smartphone Air,5547000,4,22188000,Debit,L,48.0,5.0,Reguler,1765000
TRX00713,2026-05-12,Jakarta,Elektronik Rumah Tangga,Rice Cooker,2750000,3,8250000,E-Wallet,P,20.0,5.0,Reguler,2737000
TRX01137,2026-05-12,Malang,Aksesoris,Casing HP,354000,2,708000,Kredit,L,24.0,5.0,Reguler,1639000
TRX01879,2026-05-12,Jakarta,Smartphone,Smartphone Air,2611000,3,7833000,E-Wallet,P,29.0,5.0,Reguler,795000
TRX01785,2026-05-12,Surabaya,Elektronik Rumah Tangga,TV LED 32in,4150000,1,4150000,E-Wallet,P,36.0,4.0,Reguler,640000
TRX02018,2026-05-12,Jakarta,Elektronik Rumah Tangga,Rice Cooker,5436000,3,16308000,E-Wallet,L,,3.0,Reguler,648000
TRX00318,2026-05-12,Surabaya,Laptop,Laptop UltraSlim,14811000,3,44433000,Debit,P,,1.0,Reguler,1228000
TRX02067,2026-05-12,Malang,Smartphone,Smartphone Z5,3139000,3,9417000,Debit,L,28.0,4.0,Reguler,2215000
TRX00731,2026-05-12,Surabaya,Smartphone,Smartphone Air,6987000,4,27948000,E-Wallet,L,18.0,,Reguler,718000
TRX00676,2026-05-12,Surabaya,Laptop,Laptop ProBook,7046000,4,28184000,E-Wallet,P,43.0,2.0,Reguler,468000
TRX01009,2026-05-13,Surabaya,Elektronik Rumah Tangga,TV LED 32in,1401000,2,2802000,Debit,P,23.0,3.0,Reguler,1387000
TRX01232,2026-05-13,Surabaya,Smartphone,Smartphone Z5,4244000,4,16976000,Tunai,L,32.0,5.0,Reguler,1127000
TRX00737,2026-05-13,Malang,Smartphone,Smartphone Air,4918000,5,24590000,Debit,L,18.0,3.0,Reguler,208000
TRX02087,2026-05-13,Jakarta,Laptop,Laptop A14,12826000,3,38478000,Debit,P,34.0,4.0,Reguler,2718000
TRX00886,2026-05-13,Bandung,Aksesoris,Powerbank 10000mAh,298000,5,1490000,E-Wallet,L,27.0,5.0,Reguler,2653000
TRX01724,2026-05-13,Bandung,Aksesoris,Casing HP,384000,2,768000,Kredit,P,35.0,4.0,Reguler,1406000
TRX01218,2026-05-13,Jakarta,Smartphone,Smartphone Z5,5353000,3,16059000,Debit,L,29.0,5.0,Reguler,2859000
TRX00760,2026-05-13,Malang,Aksesoris,Earphone Bluetooth,395000,3,1185000,Debit,P,34.0,2.0,Reguler,1555000
TRX01573,2026-05-13,Surabaya,Aksesoris,Earphone Bluetooth,461000,1,461000,E-Wallet,P,24.0,4.0,Reguler,2966000
TRX02057,2026-05-13,Malang,Smartphone,Smartphone Z5,4401000,4,17604000,Debit,P,48.0,3.0,Reguler,1899000
TRX01714,2026-05-13,Malang,Aksesoris,Earphone Bluetooth,120000,2,240000,E-Wallet,P,30.0,5.0,Reguler,742000
TRX01349,2026-05-13,Surabaya,Smartphone,Smartphone NovaLite,1916000,1,1916000,Debit,L,29.0,,Reguler,1158000
TRX00317,2026-05-13,Surabaya,Smartphone,Smartphone Z5,7848000,5,39240000,Tunai,P,40.0,2.0,Reguler,1206000
TRX01033,2026-05-13,Bandung,Laptop,Laptop X1,5523000,1,5523000,E-Wallet,P,43.0,1.0,Reguler,1074000
TRX00603,2026-05-14,Surabaya,Aksesoris,Mouse Wireless,303000,1,303000,Debit,L,,4.0,Reguler,2190000
TRX01002,2026-05-14,Malang,Aksesoris,Casing HP,113000,2,226000,Debit,P,28.0,5.0,Reguler,1762000
TRX01860,2026-05-14,Bandung,Smartphone,Smartphone NovaLite,7535000,2,15070000,Debit,L,30.0,5.0,Reguler,1894000
TRX01861,2026-05-14,Jakarta,Elektronik Rumah Tangga,Kulkas 2 Pintu,2074000,2,4148000,E-Wallet,P,37.0,1.0,Reguler,254000
TRX00757,2026-05-14,Malang,Smartphone,Smartphone NovaLite,6635000,5,33175000,Debit,L,19.0,5.0,Reguler,1676000
TRX00013,2026-05-14,Jakarta,Smartphone,Smartphone Air,7029000,4,28116000,E-Wallet,P,45.0,4.0,Reguler,1108000
TRX00557,2026-05-14,Malang,Aksesoris,Earphone Bluetooth,474000,3,1422000,Debit,L,25.0,2.0,Reguler,2211000
TRX00739,2026-05-14,Jakarta,Smartphone,Smartphone Air,2726000,4,10904000,E-Wallet,L,,5.0,Reguler,1068000
TRX00215,2026-05-14,Malang,Elektronik Rumah Tangga,Rice Cooker,3540000,2,7080000,E-Wallet,P,21.0,4.0,Reguler,2488000
TRX01281,2026-05-14,Jakarta,Aksesoris,Mouse Wireless,363000,5,1815000,Kredit,L,37.0,5.0,Reguler,2683000
TRX00631,2026-05-14,Bandung,Smartphone,Smartphone MaxEdge,6600000,1,6600000,E-Wallet,P,47.0,4.0,Reguler,2858000
TRX00377,2026-05-14,Surabaya,Smartphone,Smartphone NovaLite,2422000,2,4844000,E-Wallet,P,45.0,5.0,Reguler,650000
TRX01282,2026-05-14,Malang,Aksesoris,Mouse Wireless,126000,2,252000,Kredit,P,35.0,4.0,Reguler,1294000
TRX00805,2026-05-14,Jakarta,Elektronik Rumah Tangga,TV LED 32in,2329000,3,6987000,Tunai,L,43.0,5.0,Reguler,2429000
TRX00432,2026-05-14,Malang,Elektronik Rumah Tangga,Kipas Angin,1129000,3,3387000,Kredit,P,46.0,3.0,Reguler,2158000
TRX01591,2026-05-14,Bandung,Laptop,Laptop X1,13159000,1,13159000,E-Wallet,L,31.0,5.0,Reguler,205000
TRX02058,2026-05-14,Malang,Smartphone,Smartphone Air,7136000,1,7136000,Tunai,L,26.0,4.0,Reguler,1821000
TRX00471,2026-05-14,Surabaya,Elektronik Rumah Tangga,Kulkas 2 Pintu,1615000,4,6460000,E-Wallet,P,18.0,4.0,Reguler,205000
TRX01449,2026-05-14,Surabaya,Elektronik Rumah Tangga,TV LED 32in,3265000,2,6530000,Debit,P,,3.0,Reguler,708000
TRX01602,2026-05-14,Surabaya,Smartphone,Smartphone NovaLite,1919000,5,9595000,Kredit,P,26.0,5.0,Reguler,502000
TRX00662,2026-05-14,Malang,Laptop,Laptop UltraSlim,10151000,2,20302000,E-Wallet,L,,5.0,Reguler,2190000
TRX02172,2026-05-15,Surabaya,Laptop,Laptop X1,5242000,2,10484000,E-Wallet,P,46.0,3.0,Reguler,1081000
TRX02125,2026-05-15,Malang,Elektronik Rumah Tangga,Kulkas 2 Pintu,2347000,4,9388000,E-Wallet,P,27.0,5.0,Reguler,2475000
TRX01394,2026-05-15,Bandung,Elektronik Rumah Tangga,Kipas Angin,1904000,3,5712000,Kredit,L,27.0,5.0,Reguler,655000
TRX02115,2026-05-15,Malang,Aksesoris,Casing HP,371000,3,1113000,Tunai,P,,1.0,Reguler,843000
TRX01722,2026-05-15,Jakarta,Aksesoris,Earphone Bluetooth,453000,2,906000,Kredit,L,40.0,4.0,Reguler,308000
TRX01966,2026-05-15,Surabaya,Laptop,Laptop X1,10405000,1,10405000,Tunai,P,26.0,5.0,Reguler,2725000
TRX01036,2026-05-15,Surabaya,Laptop,Laptop ProBook,6380000,2,12760000,Kredit,P,41.0,5.0,Reguler,2060000
TRX01139,2026-05-15,Surabaya,Smartphone,Smartphone Air,4974000,2,9948000,E-Wallet,P,39.0,4.0,Reguler,1338000
TRX01742,2026-05-15,Surabaya,Laptop,Laptop X1,6989000,2,13978000,Kredit,P,32.0,4.0,Reguler,2224000
TRX00062,2026-05-15,Jakarta,Smartphone,Smartphone Z5,1897000,3,5691000,Kredit,P,30.0,3.0,Reguler,2434000
TRX01845,2026-05-15,Malang,Smartphone,Smartphone Z5,4124000,5,20620000,Tunai,L,27.0,5.0,Reguler,2597000
TRX00059,2026-05-15,Surabaya,Aksesoris,Powerbank 10000mAh,176000,2,352000,Kredit,L,38.0,5.0,Reguler,2887000
TRX01513,2026-05-15,Surabaya,Smartphone,Smartphone Z5,2606000,2,5212000,E-Wallet,L,28.0,5.0,Reguler,2209000
TRX00878,2026-05-15,Bandung,Elektronik Rumah Tangga,Rice Cooker,1208000,3,3624000,Debit,P,32.0,5.0,Reguler,1497000
TRX01984,2026-05-16,Jakarta,Smartphone,Smartphone NovaLite,7451000,3,22353000,E-Wallet,L,39.0,2.0,Reguler,1996000
TRX01899,2026-05-16,Bandung,Aksesoris,Powerbank 10000mAh,272000,2,544000,Kredit,L,30.0,4.0,Reguler,2349000
TRX02049,2026-05-16,Bandung,Aksesoris,Casing HP,356000,4,1424000,E-Wallet,P,37.0,5.0,Reguler,431000
TRX02043,2026-05-16,Bandung,Elektronik Rumah Tangga,Kulkas 2 Pintu,3324000,4,13296000,Kredit,P,42.0,4.0,Reguler,1285000
TRX00512,2026-05-16,Jakarta,Laptop,Laptop UltraSlim,10914000,4,43656000,Tunai,P,18.0,,Reguler,620000
TRX00360,2026-05-16,Surabaya,Laptop,Laptop X1,12031000,2,24062000,Debit,P,26.0,4.0,Reguler,1554000
TRX00391,2026-05-16,Malang,Laptop,Laptop A14,14359000,4,57436000,E-Wallet,P,24.0,4.0,Reguler,2187000
TRX00378,2026-05-16,Bandung,Smartphone,Smartphone Air,7014000,3,21042000,Kredit,L,24.0,4.0,Reguler,620000
TRX01234,2026-05-16,Malang,Smartphone,Smartphone Z5,3323000,5,16615000,Kredit,L,29.0,5.0,Reguler,1990000
TRX00463,2026-05-16,Bandung,Laptop,Laptop A14,13208000,5,66040000,Debit,P,38.0,4.0,Reguler,306000
TRX02099,2026-05-16,Malang,Aksesoris,Casing HP,371000,1,371000,Debit,P,28.0,4.0,Reguler,1788000
TRX00895,2026-05-16,Surabaya,Smartphone,Smartphone NovaLite,1762000,3,5286000,E-Wallet,L,19.0,3.0,Reguler,1653000
TRX02044,2026-05-16,Malang,Smartphone,Smartphone MaxEdge,6147000,2,12294000,Tunai,P,,,Reguler,2395000
TRX01073,2026-05-17,Surabaya,Smartphone,Smartphone NovaLite,3627000,3,10881000,E-Wallet,L,27.0,4.0,Reguler,1744000
TRX01378,2026-05-17,Malang,Laptop,Laptop ProBook,11277000,5,56385000,Debit,P,32.0,3.0,Reguler,630000
TRX01098,2026-05-17,Surabaya,Aksesoris,Powerbank 10000mAh,490000,5,2450000,Kredit,P,27.0,3.0,Reguler,534000
TRX01667,2026-05-17,Surabaya,Smartphone,Smartphone MaxEdge,7670000,3,23010000,Debit,P,28.0,4.0,Reguler,2106000
TRX00493,2026-05-17,Bandung,Laptop,Laptop ProBook,12507000,4,50028000,Tunai,P,37.0,5.0,Reguler,1206000
TRX01790,2026-05-17,Malang,Smartphone,Smartphone NovaLite,3063000,3,9189000,Kredit,L,18.0,4.0,Reguler,1328000
TRX01065,2026-05-17,Bandung,Aksesoris,Earphone Bluetooth,429000,1,429000,Debit,P,29.0,3.0,Reguler,892000
TRX01995,2026-05-17,Surabaya,Aksesoris,Mouse Wireless,320000,4,1280000,E-Wallet,P,35.0,5.0,Reguler,1565000
TRX00014,2026-05-18,Bandung,Aksesoris,Casing HP,477000,4,1908000,Debit,P,,4.0,Reguler,1918000
TRX00042,2026-05-18,Jakarta,Aksesoris,Mouse Wireless,208000,4,832000,Kredit,P,42.0,5.0,Reguler,880000
TRX00247,2026-05-18,Surabaya,Smartphone,Smartphone MaxEdge,7726000,1,7726000,E-Wallet,P,30.0,4.0,Reguler,2458000
TRX01674,2026-05-18,Malang,Elektronik Rumah Tangga,Kulkas 2 Pintu,2557000,5,12785000,Debit,L,38.0,3.0,Reguler,366000
TRX01301,2026-05-18,Surabaya,Aksesoris,Casing HP,365000,5,1825000,Debit,L,37.0,4.0,Reguler,1762000
TRX00051,2026-05-18,Malang,Laptop,Laptop X1,7481000,4,29924000,Debit,P,31.0,5.0,Reguler,1035000
TRX01204,2026-05-18,Surabaya,Smartphone,Smartphone NovaLite,1658000,2,3316000,Kredit,P,28.0,3.0,Reguler,2572000
TRX00234,2026-05-18,Bandung,Laptop,Laptop ProBook,6004000,2,12008000,E-Wallet,P,50.0,4.0,Reguler,1914000
TRX01868,2026-05-18,Malang,Aksesoris,Powerbank 10000mAh,123000,4,492000,Kredit,P,18.0,3.0,Reguler,2112000
TRX00128,2026-05-19,Surabaya,Elektronik Rumah Tangga,Kulkas 2 Pintu,5779000,3,17337000,Debit,P,18.0,5.0,Reguler,1261000
TRX01275,2026-05-19,Surabaya,Aksesoris,Mouse Wireless,160000,5,800000,Debit,L,18.0,4.0,Reguler,1213000
TRX00714,2026-05-19,Malang,Laptop,Laptop A14,13927000,1,13927000,Debit,L,33.0,4.0,Reguler,2685000
TRX02107,2026-05-19,Malang,Smartphone,Smartphone Air,6176000,3,18528000,Debit,L,40.0,5.0,Reguler,2944000
TRX01671,2026-05-19,Malang,Aksesoris,Powerbank 10000mAh,220000,4,880000,Debit,L,30.0,3.0,Reguler,2518000
TRX02176,2026-05-19,Jakarta,Laptop,Laptop A14,9136000,5,45680000,Kredit,P,18.0,4.0,Reguler,2162000
TRX02174,2026-05-19,Jakarta,Laptop,Laptop ProBook,13009000,2,26018000,Kredit,L,22.0,3.0,Reguler,1982000
TRX00089,2026-05-19,Malang,Smartphone,Smartphone Air,3825000,4,15300000,Kredit,L,23.0,3.0,Reguler,293000
TRX01822,2026-05-19,Malang,Smartphone,Smartphone MaxEdge,2665000,1,2665000,Debit,L,,5.0,Reguler,1587000
TRX00742,2026-05-19,Surabaya,Aksesoris,Earphone Bluetooth,262000,4,1048000,E-Wallet,P,54.0,5.0,Reguler,2088000
TRX00489,2026-05-19,Malang,Smartphone,Smartphone Z5,3830000,3,11490000,Debit,P,40.0,4.0,Reguler,1739000
TRX00657,2026-05-19,Malang,Elektronik Rumah Tangga,Kipas Angin,2291000,1,2291000,E-Wallet,L,40.0,2.0,Reguler,1901000
TRX01134,2026-05-19,Bandung,Smartphone,Smartphone Air,5117000,1,5117000,Tunai,P,26.0,3.0,Reguler,2857000
TRX00207,2026-05-19,Surabaya,Smartphone,Smartphone NovaLite,7697000,2,15394000,Tunai,P,20.0,5.0,Reguler,1342000
TRX00423,2026-05-19,Bandung,Elektronik Rumah Tangga,Rice Cooker,5686000,5,28430000,E-Wallet,P,24.0,5.0,Reguler,745000
TRX01558,2026-05-20,Surabaya,Aksesoris,Mouse Wireless,470000,5,2350000,Kredit,L,45.0,4.0,Reguler,481000
TRX01061,2026-05-20,Surabaya,Laptop,Laptop UltraSlim,10445000,1,10445000,Debit,L,27.0,4.0,Reguler,1409000
TRX01058,2026-05-20,Malang,Smartphone,Smartphone Z5,5644000,3,16932000,Tunai,P,30.0,4.0,Reguler,1553000
TRX00173,2026-05-20,Surabaya,Smartphone,Smartphone Air,1581000,2,3162000,E-Wallet,P,30.0,4.0,Reguler,764000
TRX01691,2026-05-20,Jakarta,Laptop,Laptop ProBook,11378000,1,11378000,Debit,P,36.0,3.0,Reguler,2740000
TRX01148,2026-05-20,Jakarta,Smartphone,Smartphone Air,3007000,2,6014000,Debit,L,22.0,4.0,Reguler,1288000
TRX00645,2026-05-20,Jakarta,Laptop,Laptop A14,13461000,1,13461000,Debit,L,50.0,5.0,Reguler,1550000
TRX01870,2026-05-20,Malang,Smartphone,Smartphone MaxEdge,7491000,4,29964000,Debit,P,37.0,4.0,Reguler,1494000
TRX00370,2026-05-20,Malang,Smartphone,Smartphone Air,7353000,5,36765000,Debit,P,32.0,2.0,Reguler,2803000
TRX00864,2026-05-20,Malang,Smartphone,Smartphone Z5,2405000,2,4810000,Tunai,P,53.0,5.0,Reguler,761000
TRX01775,2026-05-20,Malang,Elektronik Rumah Tangga,TV LED 32in,2308000,5,11540000,Tunai,P,47.0,5.0,Reguler,1269000
TRX00911,2026-05-20,Malang,Aksesoris,Casing HP,150000,3,450000,Debit,P,28.0,1.0,Reguler,1580000
TRX01825,2026-05-20,Malang,Smartphone,Smartphone Air,1609000,4,6436000,E-Wallet,P,26.0,4.0,Reguler,2780000
TRX00320,2026-05-20,Bandung,Elektronik Rumah Tangga,Kulkas 2 Pintu,4013000,2,8026000,E-Wallet,L,59.0,5.0,Reguler,2499000
TRX02121,2026-05-20,Malang,Smartphone,Smartphone NovaLite,2351000,3,7053000,Debit,L,41.0,4.0,Reguler,2169000
TRX00210,2026-05-21,Bandung,Smartphone,Smartphone MaxEdge,5715000,4,22860000,Debit,L,26.0,4.0,Reguler,1426000
TRX01339,2026-05-21,Surabaya,Laptop,Laptop ProBook,10383000,4,41532000,Debit,P,28.0,5.0,Reguler,2988000
TRX00602,2026-05-21,Bandung,Aksesoris,Casing HP,397000,3,1191000,Debit,P,30.0,5.0,Reguler,1650000
TRX01469,2026-05-21,Jakarta,Laptop,Laptop X1,9415000,2,18830000,E-Wallet,P,35.0,,Reguler,606000
TRX00402,2026-05-21,Bandung,Laptop,Laptop UltraSlim,9193000,2,18386000,E-Wallet,P,43.0,4.0,Reguler,2019000
TRX01731,2026-05-21,Malang,Laptop,Laptop ProBook,13662000,5,68310000,E-Wallet,L,33.0,,Reguler,1167000
TRX00734,2026-05-21,Malang,Smartphone,Smartphone MaxEdge,5224000,3,15672000,Kredit,L,40.0,5.0,Reguler,1894000
TRX01914,2026-05-21,Jakarta,Elektronik Rumah Tangga,Kulkas 2 Pintu,5539000,3,16617000,E-Wallet,P,33.0,4.0,Reguler,1959000
TRX00002,2026-05-21,Surabaya,Smartphone,Smartphone Air,4100000,1,4100000,Kredit,P,45.0,3.0,Reguler,1704000
TRX02096,2026-05-21,Surabaya,Smartphone,Smartphone Air,2178000,4,8712000,E-Wallet,P,32.0,4.0,Reguler,2681000
TRX01242,2026-05-21,Malang,Laptop,Laptop A14,14429000,5,72145000,Debit,L,33.0,3.0,Reguler,219000
TRX00815,2026-05-21,Malang,Aksesoris,Casing HP,68000,4,272000,Debit,L,40.0,4.0,Reguler,420000
TRX00836,2026-05-21,Malang,Laptop,Laptop ProBook,14442000,5,72210000,E-Wallet,P,37.0,4.0,Reguler,2681000
TRX01611,2026-05-21,Bandung,Laptop,Laptop ProBook,14006000,2,28012000,E-Wallet,P,42.0,4.0,Reguler,2947000
TRX00050,2026-05-21,Bandung,Smartphone,Smartphone Air,6023000,2,12046000,Debit,L,18.0,3.0,Reguler,1225000
TRX01278,2026-05-21,Jakarta,Laptop,Laptop UltraSlim,6354000,5,31770000,E-Wallet,L,19.0,4.0,Reguler,2704000
TRX01441,2026-05-22,Surabaya,Laptop,Laptop UltraSlim,10222000,1,10222000,E-Wallet,L,30.0,3.0,Reguler,1785000
TRX00025,2026-05-22,Surabaya,Aksesoris,Casing HP,409000,5,2045000,Kredit,L,21.0,4.0,Reguler,243000
TRX01726,2026-05-22,Jakarta,Aksesoris,Casing HP,247000,5,1235000,Kredit,P,26.0,3.0,Reguler,2744000
TRX01313,2026-05-22,Surabaya,Aksesoris,Mouse Wireless,288000,5,1440000,E-Wallet,L,41.0,5.0,Reguler,2976000
TRX00107,2026-05-22,Jakarta,Smartphone,Smartphone NovaLite,1786000,1,1786000,E-Wallet,L,27.0,3.0,Reguler,1488000
TRX01416,2026-05-22,Jakarta,Laptop,Laptop UltraSlim,7994000,4,31976000,E-Wallet,P,40.0,,Reguler,895000
TRX00806,2026-05-22,Surabaya,Laptop,Laptop UltraSlim,9228000,2,18456000,Kredit,P,29.0,4.0,Reguler,2680000
TRX00598,2026-05-22,Jakarta,Smartphone,Smartphone Air,6062000,1,6062000,E-Wallet,P,21.0,4.0,Reguler,891000
TRX00112,2026-05-22,Jakarta,Laptop,Laptop A14,8115000,3,24345000,E-Wallet,L,20.0,5.0,Reguler,1572000
TRX00613,2026-05-22,Bandung,Elektronik Rumah Tangga,Rice Cooker,4052000,3,12156000,Kredit,L,35.0,5.0,Reguler,405000
TRX01212,2026-05-22,Malang,Smartphone,Smartphone MaxEdge,4740000,5,23700000,E-Wallet,L,38.0,4.0,Reguler,530000
TRX00278,2026-05-22,Bandung,Smartphone,Smartphone MaxEdge,4116000,4,16464000,E-Wallet,L,27.0,3.0,Reguler,2634000
TRX00160,2026-05-22,Bandung,Aksesoris,Mouse Wireless,384000,2,768000,Debit,L,18.0,5.0,Reguler,1650000
TRX01498,2026-05-22,Surabaya,Smartphone,Smartphone Z5,5648000,5,28240000,E-Wallet,L,42.0,5.0,Reguler,1221000
TRX00766,2026-05-22,Bandung,Aksesoris,Casing HP,402000,2,804000,Tunai,L,29.0,5.0,Reguler,680000
TRX00690,2026-05-22,Malang,Elektronik Rumah Tangga,TV LED 32in,3447000,1,3447000,Kredit,P,36.0,5.0,Reguler,489000
TRX00918,2026-05-22,Malang,Laptop,Laptop ProBook,9702000,4,38808000,Tunai,P,35.0,4.0,Reguler,1564000
TRX02009,2026-05-23,Malang,Laptop,Laptop A14,13232000,2,26464000,Tunai,L,20.0,4.0,Reguler,1815000
TRX00990,2026-05-23,Surabaya,Aksesoris,Powerbank 10000mAh,473000,1,473000,Kredit,P,50.0,3.0,Reguler,407000
TRX00249,2026-05-23,Surabaya,Laptop,Laptop A14,13684000,5,68420000,E-Wallet,L,46.0,4.0,Reguler,1485000
TRX00725,2026-05-23,Jakarta,Aksesoris,Mouse Wireless,155000,1,155000,Debit,L,18.0,5.0,Reguler,333000
TRX00016,2026-05-23,Malang,Laptop,Laptop ProBook,10744000,3,32232000,E-Wallet,L,37.0,2.0,Reguler,2712000
TRX00213,2026-05-23,Surabaya,Elektronik Rumah Tangga,Kulkas 2 Pintu,3964000,2,7928000,Debit,P,47.0,4.0,Reguler,379000
TRX00476,2026-05-23,Malang,Smartphone,Smartphone Z5,5678000,5,28390000,E-Wallet,P,43.0,4.0,Reguler,1799000
TRX01430,2026-05-23,Jakarta,Smartphone,Smartphone Z5,2485000,4,9940000,Debit,P,,1.0,Reguler,1719000
TRX00106,2026-05-23,Malang,Aksesoris,Mouse Wireless,330000,2,660000,Kredit,P,,3.0,Reguler,746000
TRX00955,2026-05-23,Surabaya,Aksesoris,Casing HP,235000,2,470000,E-Wallet,P,31.0,3.0,Reguler,1068000
TRX01133,2026-05-24,Malang,Aksesoris,Casing HP,118000,5,590000,Kredit,P,33.0,5.0,Reguler,994000
TRX00559,2026-05-24,Surabaya,Aksesoris,Casing HP,261000,5,1305000,Debit,P,49.0,3.0,Reguler,844000
TRX01254,2026-05-24,Surabaya,Aksesoris,Earphone Bluetooth,140000,5,700000,Debit,L,26.0,4.0,Reguler,2016000
TRX01414,2026-05-24,Malang,Elektronik Rumah Tangga,Rice Cooker,2763000,5,13815000,E-Wallet,P,36.0,3.0,Reguler,773000
TRX00135,2026-05-24,Malang,Laptop,Laptop UltraSlim,7960000,4,31840000,E-Wallet,L,,4.0,Reguler,2176000
TRX01986,2026-05-24,Surabaya,Laptop,Laptop X1,12519000,2,25038000,Kredit,L,32.0,,Reguler,1806000
TRX00745,2026-05-24,Malang,Smartphone,Smartphone MaxEdge,3089000,2,6178000,Kredit,P,37.0,4.0,Reguler,914000
TRX00261,2026-05-24,Jakarta,Aksesoris,Casing HP,204000,5,1020000,Kredit,L,47.0,4.0,Reguler,1327000
TRX00639,2026-05-24,Surabaya,Smartphone,Smartphone MaxEdge,4139000,3,12417000,Tunai,P,30.0,5.0,Reguler,1012000
TRX00692,2026-05-24,Surabaya,Smartphone,Smartphone Z5,2894000,1,2894000,E-Wallet,P,32.0,3.0,Reguler,2662000
TRX01980,2026-05-24,Malang,Aksesoris,Mouse Wireless,89000,3,267000,E-Wallet,L,31.0,4.0,Reguler,2338000
TRX01617,2026-05-24,Surabaya,Aksesoris,Casing HP,52000,2,104000,Debit,P,37.0,4.0,Reguler,2930000
TRX01461,2026-05-24,Jakarta,Smartphone,Smartphone Air,6883000,4,27532000,E-Wallet,P,35.0,4.0,Reguler,258000
TRX00484,2026-05-25,Malang,Laptop,Laptop ProBook,5758000,3,17274000,E-Wallet,L,,5.0,Reguler,1871000
TRX02005,2026-05-25,Jakarta,Laptop,Laptop ProBook,7277000,3,21831000,E-Wallet,P,20.0,2.0,Reguler,2667000
TRX00591,2026-05-25,Jakarta,Laptop,Laptop ProBook,11306000,3,33918000,E-Wallet,P,34.0,4.0,Reguler,2166000
TRX00716,2026-05-25,Surabaya,Smartphone,Smartphone Z5,5462000,5,27310000,Kredit,P,29.0,2.0,Reguler,449000
TRX01736,2026-05-25,Jakarta,Laptop,Laptop ProBook,8923000,2,17846000,E-Wallet,L,27.0,4.0,Reguler,2846000
TRX01684,2026-05-25,Surabaya,Laptop,Laptop X1,9821000,1,9821000,Tunai,P,29.0,2.0,Reguler,410000
TRX00860,2026-05-25,Jakarta,Laptop,Laptop X1,14544000,3,43632000,E-Wallet,P,18.0,3.0,Reguler,437000
TRX00686,2026-05-25,Jakarta,Laptop,Laptop UltraSlim,14589000,4,58356000,Debit,L,26.0,4.0,Reguler,1138000
TRX00105,2026-05-25,Malang,Elektronik Rumah Tangga,Kipas Angin,3544000,2,7088000,E-Wallet,L,,3.0,Reguler,2238000
TRX00071,2026-05-25,Surabaya,Elektronik Rumah Tangga,Kulkas 2 Pintu,4273000,2,8546000,Debit,P,35.0,3.0,Reguler,1593000
TRX01284,2026-05-25,Malang,Elektronik Rumah Tangga,Kipas Angin,3171000,3,9513000,Tunai,L,24.0,1.0,Reguler,2646000
TRX01578,2026-05-25,Jakarta,Aksesoris,Mouse Wireless,201000,4,804000,Tunai,L,22.0,1.0,Reguler,2256000
TRX01012,2026-05-25,Surabaya,Aksesoris,Earphone Bluetooth,221000,2,442000,E-Wallet,L,35.0,4.0,Reguler,1296000
TRX00472,2026-05-26,Surabaya,Elektronik Rumah Tangga,TV LED 32in,2682000,3,8046000,Kredit,P,,,Reguler,1985000
TRX00654,2026-05-26,Jakarta,Aksesoris,Earphone Bluetooth,345000,5,1725000,E-Wallet,P,39.0,3.0,Reguler,1647000
TRX01260,2026-05-26,Malang,Aksesoris,Earphone Bluetooth,309000,5,1545000,Debit,L,30.0,5.0,Reguler,460000
TRX00852,2026-05-26,Malang,Smartphone,Smartphone Air,2262000,1,2262000,Tunai,P,25.0,5.0,Reguler,1083000
TRX00103,2026-05-26,Jakarta,Smartphone,Smartphone MaxEdge,3747000,1,3747000,Debit,P,21.0,4.0,Reguler,1298000
TRX01199,2026-05-26,Malang,Elektronik Rumah Tangga,Kipas Angin,4640000,5,23200000,Kredit,L,54.0,5.0,Reguler,2451000
TRX00428,2026-05-26,Surabaya,Laptop,Laptop A14,11736000,3,35208000,Debit,L,33.0,4.0,Reguler,2173000
TRX01087,2026-05-26,Jakarta,Smartphone,Smartphone Z5,3539000,5,17695000,E-Wallet,P,30.0,3.0,Reguler,554000
TRX01749,2026-05-26,Jakarta,Laptop,Laptop UltraSlim,13266000,5,66330000,Debit,P,37.0,4.0,Reguler,598000
TRX00596,2026-05-26,Surabaya,Aksesoris,Powerbank 10000mAh,351000,4,1404000,E-Wallet,P,48.0,5.0,Reguler,2070000
TRX00092,2026-05-26,Surabaya,Aksesoris,Earphone Bluetooth,79000,1,79000,Debit,P,32.0,3.0,Reguler,1748000
TRX00551,2026-05-26,Malang,Smartphone,Smartphone NovaLite,4881000,1,4881000,Debit,P,22.0,5.0,Reguler,2241000
TRX02093,2026-05-26,Surabaya,Elektronik Rumah Tangga,Kipas Angin,5790000,4,23160000,Kredit,L,20.0,5.0,Reguler,1599000
TRX00291,2026-05-27,Bandung,Aksesoris,Earphone Bluetooth,193000,2,386000,Debit,P,35.0,4.0,Reguler,913000
TRX00336,2026-05-27,Bandung,Laptop,Laptop X1,7247000,3,21741000,Tunai,L,26.0,4.0,Reguler,2525000
TRX01219,2026-05-27,Surabaya,Aksesoris,Powerbank 10000mAh,123000,5,615000,Debit,P,35.0,4.0,Reguler,2643000
TRX01001,2026-05-27,Jakarta,Smartphone,Smartphone NovaLite,6062000,1,6062000,Kredit,P,32.0,4.0,Reguler,2169000
TRX02161,2026-05-27,Malang,Aksesoris,Earphone Bluetooth,367000,4,1468000,E-Wallet,L,,3.0,Reguler,1434000
TRX00227,2026-05-27,Surabaya,Laptop,Laptop ProBook,12051000,4,48204000,Debit,P,41.0,4.0,Reguler,2346000
TRX00837,2026-05-27,Surabaya,Smartphone,Smartphone NovaLite,5452000,3,16356000,Kredit,L,41.0,3.0,Reguler,1688000
TRX01334,2026-05-27,Surabaya,Smartphone,Smartphone MaxEdge,7642000,4,30568000,Tunai,P,33.0,1.0,Reguler,359000
TRX01574,2026-05-28,Surabaya,Smartphone,Smartphone Air,6747000,4,26988000,E-Wallet,L,37.0,2.0,Reguler,755000
TRX02196,2026-05-28,Bandung,Smartphone,Smartphone Z5,3588000,3,10764000,Tunai,L,42.0,4.0,Reguler,1009000
TRX02159,2026-05-28,Surabaya,Laptop,Laptop X1,7638000,3,22914000,Debit,L,18.0,,Reguler,2651000
TRX01426,2026-05-28,Malang,Smartphone,Smartphone Z5,4926000,1,4926000,Kredit,P,25.0,4.0,Reguler,1138000
TRX00514,2026-05-28,Surabaya,Laptop,Laptop X1,7139000,4,28556000,Kredit,L,23.0,4.0,Reguler,389000
TRX00741,2026-05-28,Malang,Smartphone,Smartphone NovaLite,5170000,4,20680000,Kredit,P,24.0,4.0,Reguler,1578000
TRX00166,2026-05-28,Jakarta,Aksesoris,Mouse Wireless,486000,1,486000,Debit,L,19.0,4.0,Reguler,2298000
TRX01965,2026-05-28,Surabaya,Smartphone,Smartphone NovaLite,1722000,2,3444000,Debit,P,28.0,3.0,Reguler,2900000
TRX00885,2026-05-28,Jakarta,Elektronik Rumah Tangga,Kipas Angin,5644000,5,28220000,Debit,L,,5.0,Reguler,1212000
TRX01535,2026-05-28,Surabaya,Smartphone,Smartphone MaxEdge,3955000,3,11865000,E-Wallet,L,33.0,5.0,Reguler,1811000
TRX01843,2026-05-28,Jakarta,Smartphone,Smartphone Air,5869000,1,5869000,Kredit,L,22.0,4.0,Reguler,2427000
TRX01025,2026-05-29,Surabaya,Laptop,Laptop ProBook,12514000,2,25028000,Debit,L,,4.0,Reguler,1973000
TRX00028,2026-05-29,Jakarta,Aksesoris,Powerbank 10000mAh,310000,1,310000,Debit,P,49.0,5.0,Reguler,1244000
TRX01964,2026-05-29,Bandung,Elektronik Rumah Tangga,Kulkas 2 Pintu,1032000,4,4128000,Kredit,P,31.0,4.0,Reguler,2971000
TRX01231,2026-05-29,Surabaya,Aksesoris,Casing HP,371000,1,371000,E-Wallet,P,22.0,5.0,Reguler,1254000
TRX00867,2026-05-29,Jakarta,Laptop,Laptop X1,5718000,4,22872000,Kredit,P,39.0,5.0,Reguler,1825000
TRX01264,2026-05-29,Bandung,Aksesoris,Powerbank 10000mAh,216000,2,432000,Debit,L,44.0,,Reguler,1864000
TRX00849,2026-05-29,Malang,Smartphone,Smartphone NovaLite,7167000,2,14334000,Debit,L,25.0,5.0,Reguler,804000
TRX00149,2026-05-29,Bandung,Smartphone,Smartphone Air,7700000,4,30800000,Kredit,P,30.0,4.0,Reguler,2977000
TRX00524,2026-05-30,Malang,Laptop,Laptop ProBook,12487000,3,37461000,Debit,P,34.0,4.0,Reguler,1909000
TRX00605,2026-05-30,Surabaya,Smartphone,Smartphone MaxEdge,5837000,1,5837000,Kredit,L,35.0,3.0,Reguler,701000
TRX00038,2026-05-30,Surabaya,Elektronik Rumah Tangga,Kulkas 2 Pintu,4896000,4,19584000,E-Wallet,P,38.0,2.0,Reguler,713000
TRX01587,2026-05-30,Malang,Laptop,Laptop UltraSlim,8470000,1,8470000,E-Wallet,P,25.0,5.0,Reguler,2371000
TRX01603,2026-05-30,Surabaya,Laptop,Laptop ProBook,10780000,3,32340000,E-Wallet,P,,5.0,Reguler,1453000
TRX00553,2026-05-30,Malang,Smartphone,Smartphone Z5,6996000,3,20988000,Kredit,L,42.0,4.0,Reguler,2583000
TRX00794,2026-05-30,Malang,Laptop,Laptop ProBook,12763000,2,25526000,E-Wallet,L,40.0,4.0,Reguler,2659000
TRX01923,2026-05-30,Surabaya,Laptop,Laptop A14,8978000,2,17956000,E-Wallet,L,33.0,,Reguler,1705000
TRX01040,2026-05-30,Jakarta,Aksesoris,Casing HP,115000,3,345000,E-Wallet,L,18.0,5.0,Reguler,1456000
TRX00302,2026-05-30,Malang,Laptop,Laptop A14,10980000,2,21960000,Debit,L,43.0,4.0,Reguler,1490000
TRX02081,2026-05-30,Bandung,Laptop,Laptop UltraSlim,13405000,3,40215000,E-Wallet,P,32.0,3.0,Reguler,2419000
TRX00433,2026-05-30,Surabaya,Smartphone,Smartphone NovaLite,6708000,4,26832000,Kredit,L,26.0,4.0,Reguler,425000
TRX01987,2026-05-30,Malang,Aksesoris,Earphone Bluetooth,153000,5,765000,E-Wallet,L,35.0,5.0,Reguler,2907000
TRX00545,2026-05-31,Malang,Elektronik Rumah Tangga,Kipas Angin,3286000,1,3286000,Kredit,P,51.0,4.0,Reguler,1204000
TRX01971,2026-05-31,Malang,Elektronik Rumah Tangga,Kulkas 2 Pintu,1329000,3,3987000,Tunai,P,36.0,4.0,Reguler,2957000
TRX00611,2026-05-31,Jakarta,Smartphone,Smartphone MaxEdge,7251000,3,21753000,Tunai,P,18.0,3.0,Reguler,415000
TRX00101,2026-05-31,Surabaya,Laptop,Laptop X1,5970000,3,17910000,E-Wallet,L,40.0,1.0,Reguler,2808000
TRX00334,2026-05-31,Malang,Smartphone,Smartphone MaxEdge,7979000,5,39895000,E-Wallet,P,,5.0,Reguler,267000
TRX00482,2026-05-31,Surabaya,Aksesoris,Mouse Wireless,476000,5,2380000,Debit,P,40.0,4.0,Reguler,782000
TRX00090,2026-05-31,Jakarta,Smartphone,Smartphone Z5,2041000,5,10205000,Debit,L,39.0,4.0,Reguler,876000
TRX00084,2026-05-31,Malang,Smartphone,Smartphone NovaLite,4936000,3,14808000,Kredit,P,35.0,2.0,Reguler,945000
TRX00388,2026-05-31,Surabaya,Elektronik Rumah Tangga,Kipas Angin,805000,4,3220000,E-Wallet,P,32.0,,Reguler,434000
TRX00582,2026-05-31,Jakarta,Elektronik Rumah Tangga,Kipas Angin,869000,3,2607000,Kredit,L,18.0,5.0,Reguler,1159000
TRX01080,2026-06-01,Bandung,Laptop,Laptop UltraSlim,12461000,1,12461000,Debit,L,26.0,3.0,Reguler,1378000
TRX01086,2026-06-01,Malang,Elektronik Rumah Tangga,Kipas Angin,5542000,1,5542000,Kredit,L,27.0,,Reguler,2314000
TRX01865,2026-06-01,Malang,Aksesoris,Earphone Bluetooth,279000,2,558000,Debit,P,,4.0,Reguler,1776000
TRX00019,2026-06-01,Malang,Laptop,Laptop ProBook,13356000,5,66780000,Kredit,L,,4.0,Reguler,1073000
TRX01961,2026-06-01,Surabaya,Aksesoris,Earphone Bluetooth,136000,4,544000,E-Wallet,P,29.0,4.0,Reguler,2036000
TRX01659,2026-06-01,Jakarta,Smartphone,Smartphone NovaLite,3534000,2,7068000,Debit,P,24.0,4.0,Reguler,304000
TRX01650,2026-06-01,Malang,Aksesoris,Powerbank 10000mAh,246000,1,246000,Kredit,P,33.0,5.0,Reguler,1656000
TRX00589,2026-06-01,Surabaya,Elektronik Rumah Tangga,Kipas Angin,918000,1,918000,E-Wallet,L,33.0,4.0,Reguler,2235000
TRX01933,2026-06-01,Malang,Smartphone,Smartphone MaxEdge,4103000,5,20515000,Debit,P,44.0,5.0,Reguler,2366000
TRX00868,2026-06-01,Jakarta,Smartphone,Smartphone MaxEdge,4265000,5,21325000,Tunai,L,42.0,4.0,Reguler,836000
TRX01016,2026-06-01,Bandung,Aksesoris,Casing HP,435000,1,435000,E-Wallet,P,35.0,2.0,Reguler,1345000
TRX00816,2026-06-01,Malang,Smartphone,Smartphone Z5,6124000,5,30620000,Debit,P,24.0,5.0,Reguler,1979000
TRX01969,2026-06-01,Jakarta,Elektronik Rumah Tangga,Kulkas 2 Pintu,5149000,2,10298000,E-Wallet,L,24.0,5.0,Reguler,1435000
TRX01097,2026-06-01,Malang,Laptop,Laptop A14,8078000,4,32312000,Kredit,L,44.0,5.0,Reguler,853000
TRX00590,2026-06-02,Surabaya,Smartphone,Smartphone Z5,7889000,2,15778000,Debit,P,43.0,2.0,Reguler,982000
TRX01024,2026-06-02,Malang,Laptop,Laptop ProBook,6458000,2,12916000,E-Wallet,L,34.0,4.0,Reguler,2323000
TRX01500,2026-06-02,Bandung,Aksesoris,Powerbank 10000mAh,197000,4,788000,Tunai,L,40.0,,Reguler,971000
TRX00459,2026-06-02,Jakarta,Elektronik Rumah Tangga,Kipas Angin,895000,1,895000,Debit,P,30.0,4.0,Reguler,2107000
TRX02168,2026-06-02,Jakarta,Laptop,Laptop ProBook,11367000,4,45468000,E-Wallet,L,37.0,4.0,Reguler,2198000
TRX01599,2026-06-02,Surabaya,Elektronik Rumah Tangga,Rice Cooker,4003000,1,4003000,Kredit,L,28.0,5.0,Reguler,1475000
TRX01093,2026-06-02,Jakarta,Smartphone,Smartphone Z5,3610000,1,3610000,Tunai,L,30.0,3.0,Reguler,2330000
TRX00093,2026-06-02,Bandung,Elektronik Rumah Tangga,Rice Cooker,5142000,5,25710000,Debit,L,21.0,5.0,Reguler,562000
TRX01126,2026-06-02,Malang,Smartphone,Smartphone MaxEdge,3224000,4,12896000,Tunai,P,36.0,3.0,Reguler,2724000
TRX00723,2026-06-02,Surabaya,Smartphone,Smartphone NovaLite,1981000,4,7924000,Debit,L,48.0,4.0,Reguler,2335000
TRX01125,2026-06-02,Bandung,Smartphone,Smartphone Air,5175000,3,15525000,E-Wallet,P,23.0,3.0,Reguler,1919000
TRX00513,2026-06-02,Jakarta,Smartphone,Smartphone MaxEdge,5056000,3,15168000,Debit,L,33.0,5.0,Reguler,909000
TRX00963,2026-06-02,Surabaya,Smartphone,Smartphone NovaLite,4681000,1,4681000,Debit,P,37.0,,Reguler,2339000
TRX01144,2026-06-02,Malang,Elektronik Rumah Tangga,Rice Cooker,977000,1,977000,Debit,L,45.0,4.0,Reguler,1387000
TRX00856,2026-06-03,Bandung,Laptop,Laptop X1,6567000,5,32835000,Kredit,P,47.0,2.0,Reguler,2068000
TRX01884,2026-06-03,Jakarta,Aksesoris,Powerbank 10000mAh,255000,3,765000,E-Wallet,L,51.0,,Reguler,1337000
TRX00865,2026-06-03,Jakarta,Aksesoris,Earphone Bluetooth,444000,5,2220000,Debit,L,32.0,3.0,Reguler,2215000
TRX00477,2026-06-03,Jakarta,Aksesoris,Casing HP,376000,1,376000,Debit,P,31.0,,Reguler,2103000
TRX01863,2026-06-03,Malang,Laptop,Laptop UltraSlim,12746000,3,38238000,Debit,P,,1.0,Reguler,2500000
TRX01548,2026-06-03,Jakarta,Aksesoris,Casing HP,374000,5,1870000,Debit,L,27.0,4.0,Reguler,300000
TRX00361,2026-06-03,Jakarta,Laptop,Laptop A14,12920000,2,25840000,Kredit,P,53.0,5.0,Reguler,2275000
TRX00297,2026-06-03,Surabaya,Elektronik Rumah Tangga,Kulkas 2 Pintu,1265000,3,3795000,E-Wallet,P,46.0,5.0,Reguler,2664000
TRX01657,2026-06-03,Bandung,Elektronik Rumah Tangga,TV LED 32in,5994000,5,29970000,E-Wallet,L,36.0,,Reguler,974000
TRX01007,2026-06-03,Jakarta,Smartphone,Smartphone Z5,7260000,4,29040000,Kredit,P,34.0,3.0,Reguler,404000
TRX02036,2026-06-03,Jakarta,Aksesoris,Casing HP,286000,5,1430000,Tunai,L,20.0,2.0,Reguler,1649000
TRX01163,2026-06-03,Surabaya,Smartphone,Smartphone MaxEdge,1919000,1,1919000,Kredit,L,25.0,4.0,Reguler,2853000
TRX00650,2026-06-03,Surabaya,Smartphone,Smartphone NovaLite,7296000,2,14592000,E-Wallet,L,36.0,4.0,Reguler,1428000
TRX02149,2026-06-03,Bandung,Smartphone,Smartphone Z5,2224000,5,11120000,Debit,P,34.0,2.0,Reguler,1016000
TRX00775,2026-06-03,Bandung,Laptop,Laptop ProBook,10689000,3,32067000,E-Wallet,L,27.0,4.0,Reguler,2490000
TRX01158,2026-06-03,Jakarta,Smartphone,Smartphone NovaLite,7959000,5,39795000,Kredit,L,40.0,4.0,Reguler,1950000
TRX01844,2026-06-03,Malang,Elektronik Rumah Tangga,Kipas Angin,3554000,5,17770000,Debit,L,32.0,4.0,Reguler,1347000
TRX00780,2026-06-03,Surabaya,Smartphone,Smartphone Air,6645000,5,33225000,E-Wallet,L,48.0,4.0,Reguler,2815000
TRX01150,2026-06-04,Surabaya,Laptop,Laptop A14,9728000,2,19456000,Tunai,L,40.0,1.0,Reguler,1183000
TRX01347,2026-06-04,Malang,Elektronik Rumah Tangga,Kipas Angin,4385000,3,13155000,Debit,P,,4.0,Reguler,1981000
TRX01310,2026-06-04,Bandung,Elektronik Rumah Tangga,Rice Cooker,3812000,3,11436000,E-Wallet,L,25.0,4.0,Reguler,1253000
TRX02150,2026-06-04,Surabaya,Smartphone,Smartphone Z5,4133000,5,20665000,Tunai,L,,4.0,Reguler,1879000
TRX00643,2026-06-04,Malang,Laptop,Laptop UltraSlim,6271000,3,18813000,E-Wallet,P,30.0,5.0,Reguler,1915000
TRX00560,2026-06-04,Malang,Laptop,Laptop UltraSlim,8253000,5,41265000,Debit,P,42.0,4.0,Reguler,1575000
TRX01314,2026-06-04,Surabaya,Smartphone,Smartphone Air,3584000,2,7168000,E-Wallet,L,42.0,4.0,Reguler,2152000
TRX01560,2026-06-04,Malang,Smartphone,Smartphone MaxEdge,5428000,4,21712000,E-Wallet,L,18.0,5.0,Reguler,1553000
TRX01896,2026-06-04,Surabaya,Elektronik Rumah Tangga,Rice Cooker,2970000,5,14850000,Debit,L,31.0,4.0,Reguler,1179000
TRX00835,2026-06-04,Jakarta,Smartphone,Smartphone Air,2718000,2,5436000,Kredit,P,27.0,4.0,Reguler,570000
TRX01552,2026-06-04,Surabaya,Aksesoris,Casing HP,456000,3,1368000,E-Wallet,P,29.0,5.0,Reguler,2142000
TRX01127,2026-06-04,Jakarta,Laptop,Laptop X1,12749000,1,12749000,E-Wallet,L,31.0,5.0,Reguler,704000
TRX00125,2026-06-04,Malang,Laptop,Laptop UltraSlim,13459000,1,13459000,Kredit,L,36.0,5.0,Reguler,1616000
TRX00882,2026-06-04,Surabaya,Laptop,Laptop A14,11837000,2,23674000,E-Wallet,L,26.0,4.0,Reguler,1095000
TRX00151,2026-06-04,Malang,Aksesoris,Mouse Wireless,259000,4,1036000,Debit,P,42.0,,Reguler,2688000
TRX01465,2026-06-04,Jakarta,Smartphone,Smartphone MaxEdge,2882000,4,11528000,Kredit,P,37.0,5.0,Reguler,2193000
TRX01856,2026-06-04,Surabaya,Laptop,Laptop X1,7018000,5,35090000,Tunai,P,46.0,4.0,Reguler,949000
TRX01401,2026-06-04,Malang,Elektronik Rumah Tangga,Rice Cooker,1259000,5,6295000,E-Wallet,L,27.0,3.0,Reguler,1982000
TRX00146,2026-06-04,Malang,Smartphone,Smartphone Air,5944000,2,11888000,Debit,L,26.0,,Reguler,1574000
TRX00037,2026-06-05,Surabaya,Smartphone,Smartphone MaxEdge,7689000,5,38445000,E-Wallet,L,39.0,5.0,Reguler,1266000
TRX01292,2026-06-05,Jakarta,Smartphone,Smartphone Z5,7543000,3,22629000,E-Wallet,P,34.0,4.0,Reguler,2554000
TRX00668,2026-06-05,Malang,Laptop,Laptop UltraSlim,6661000,1,6661000,Debit,P,28.0,5.0,Reguler,2039000
TRX02198,2026-06-05,Surabaya,Smartphone,Smartphone Z5,4927000,4,19708000,E-Wallet,L,27.0,4.0,Reguler,1306000
TRX01247,2026-06-05,Bandung,Elektronik Rumah Tangga,Kipas Angin,2381000,4,9524000,E-Wallet,P,22.0,,Reguler,2191000
TRX02153,2026-06-05,Malang,Aksesoris,Mouse Wireless,492000,2,984000,E-Wallet,L,43.0,2.0,Reguler,1787000
TRX00006,2026-06-05,Jakarta,Laptop,Laptop X1,8467000,3,25401000,Debit,P,34.0,4.0,Reguler,1899000
TRX01419,2026-06-05,Surabaya,Smartphone,Smartphone NovaLite,6985000,5,34925000,E-Wallet,L,35.0,4.0,Reguler,530000
TRX02098,2026-06-05,Malang,Smartphone,Smartphone MaxEdge,6085000,5,30425000,Kredit,P,44.0,3.0,Reguler,260000
TRX01042,2026-06-05,Surabaya,Laptop,Laptop X1,6882000,1,6882000,Kredit,L,29.0,4.0,Reguler,2563000
TRX01706,2026-06-05,Malang,Smartphone,Smartphone MaxEdge,4709000,4,18836000,Debit,P,23.0,5.0,Reguler,514000
TRX00610,2026-06-05,Malang,Aksesoris,Casing HP,339000,2,678000,E-Wallet,P,26.0,,Reguler,1311000
TRX01735,2026-06-05,Jakarta,Aksesoris,Earphone Bluetooth,411000,5,2055000,Kredit,P,23.0,3.0,Reguler,2644000
TRX00232,2026-06-05,Surabaya,Laptop,Laptop A14,14765000,3,44295000,Debit,P,49.0,3.0,Reguler,2909000
TRX00829,2026-06-06,Malang,Aksesoris,Powerbank 10000mAh,372000,4,1488000,E-Wallet,L,27.0,3.0,Reguler,1762000
TRX01589,2026-06-06,Malang,Smartphone,Smartphone MaxEdge,7666000,5,38330000,Debit,P,34.0,4.0,Reguler,667000
TRX01486,2026-06-06,Surabaya,Elektronik Rumah Tangga,Rice Cooker,4811000,3,14433000,Tunai,L,33.0,4.0,Reguler,1617000
TRX00427,2026-06-06,Surabaya,Elektronik Rumah Tangga,Rice Cooker,2098000,5,10490000,E-Wallet,P,40.0,4.0,Reguler,224000
TRX01325,2026-06-06,Bandung,Laptop,Laptop X1,13173000,5,65865000,Kredit,P,35.0,4.0,Reguler,2546000
TRX01509,2026-06-06,Jakarta,Smartphone,Smartphone NovaLite,3281000,1,3281000,Kredit,L,37.0,5.0,Reguler,496000
TRX01280,2026-06-06,Jakarta,Laptop,Laptop X1,6952000,3,20856000,E-Wallet,P,30.0,4.0,Reguler,1796000
TRX01214,2026-06-06,Malang,Laptop,Laptop A14,5620000,5,28100000,Debit,L,34.0,4.0,Reguler,1697000
TRX01521,2026-06-06,Bandung,Aksesoris,Earphone Bluetooth,261000,3,783000,E-Wallet,L,42.0,,Reguler,352000
TRX01734,2026-06-06,Jakarta,Smartphone,Smartphone Air,5563000,4,22252000,Tunai,P,32.0,3.0,Reguler,2339000
TRX00504,2026-06-07,Jakarta,Laptop,Laptop X1,10926000,3,32778000,Debit,P,26.0,3.0,Reguler,1345000
TRX02105,2026-06-07,Bandung,Smartphone,Smartphone NovaLite,4599000,5,22995000,Kredit,L,35.0,2.0,Reguler,2587000
TRX00492,2026-06-07,Malang,Smartphone,Smartphone Z5,1864000,1,1864000,E-Wallet,P,28.0,5.0,Reguler,1580000
TRX00921,2026-06-07,Jakarta,Laptop,Laptop ProBook,13609000,1,13609000,E-Wallet,L,31.0,5.0,Reguler,412000
TRX01023,2026-06-07,Malang,Aksesoris,Casing HP,116000,2,232000,Debit,L,31.0,3.0,Reguler,440000
TRX01943,2026-06-08,Jakarta,Smartphone,Smartphone Air,4508000,1,4508000,E-Wallet,P,36.0,4.0,Reguler,241000
TRX01245,2026-06-08,Jakarta,Smartphone,Smartphone Z5,2599000,2,5198000,Kredit,L,43.0,3.0,Reguler,2871000
TRX01824,2026-06-08,Jakarta,Smartphone,Smartphone NovaLite,4166000,5,20830000,Debit,L,39.0,4.0,Reguler,1176000
TRX01408,2026-06-08,Bandung,Smartphone,Smartphone MaxEdge,2965000,2,5930000,Kredit,L,53.0,3.0,Reguler,2277000
TRX02142,2026-06-08,Surabaya,Aksesoris,Powerbank 10000mAh,353000,4,1412000,E-Wallet,L,24.0,4.0,Reguler,2230000
TRX01658,2026-06-08,Jakarta,Laptop,Laptop X1,12115000,3,36345000,E-Wallet,P,34.0,4.0,Reguler,1661000
TRX02001,2026-06-08,Bandung,Smartphone,Smartphone MaxEdge,4690000,4,18760000,E-Wallet,L,36.0,5.0,Reguler,2936000
TRX00558,2026-06-08,Jakarta,Smartphone,Smartphone NovaLite,4434000,1,4434000,Kredit,L,46.0,4.0,Reguler,1180000
TRX00781,2026-06-08,Surabaya,Smartphone,Smartphone Z5,6491000,3,19473000,Kredit,L,49.0,5.0,Reguler,597000
TRX01898,2026-06-08,Malang,Smartphone,Smartphone Air,5613000,4,22452000,E-Wallet,L,32.0,4.0,Reguler,433000
TRX01716,2026-06-08,Surabaya,Smartphone,Smartphone NovaLite,6055000,5,30275000,Kredit,P,22.0,5.0,Reguler,2232000
TRX00396,2026-06-08,Jakarta,Smartphone,Smartphone MaxEdge,2624000,5,13120000,Debit,L,27.0,4.0,Reguler,382000
TRX01893,2026-06-09,Surabaya,Laptop,Laptop A14,14499000,5,72495000,Kredit,L,30.0,4.0,Reguler,1578000
TRX00517,2026-06-09,Malang,Smartphone,Smartphone NovaLite,6192000,3,18576000,Debit,P,32.0,1.0,Reguler,1599000
TRX00812,2026-06-09,Malang,Aksesoris,Powerbank 10000mAh,313000,4,1252000,E-Wallet,L,43.0,3.0,Reguler,401000
TRX01815,2026-06-09,Surabaya,Laptop,Laptop ProBook,5469000,1,5469000,Kredit,L,38.0,4.0,Reguler,2933000
TRX01713,2026-06-09,Jakarta,Laptop,Laptop X1,10302000,5,51510000,E-Wallet,P,33.0,4.0,Reguler,818000
TRX01371,2026-06-09,Surabaya,Laptop,Laptop UltraSlim,9697000,1,9697000,Kredit,P,29.0,5.0,Reguler,967000
TRX01201,2026-06-09,Bandung,Laptop,Laptop X1,14699000,3,44097000,E-Wallet,P,24.0,4.0,Reguler,1044000
TRX01141,2026-06-09,Malang,Laptop,Laptop A14,10835000,2,21670000,Debit,L,29.0,,Reguler,373000
TRX01634,2026-06-09,Surabaya,Smartphone,Smartphone MaxEdge,2705000,2,5410000,E-Wallet,L,25.0,4.0,Reguler,1063000
TRX01792,2026-06-09,Bandung,Aksesoris,Earphone Bluetooth,81000,4,324000,Debit,L,32.0,4.0,Reguler,228000
TRX01004,2026-06-10,Bandung,Smartphone,Smartphone NovaLite,3613000,2,7226000,Kredit,P,36.0,5.0,Reguler,441000
TRX00375,2026-06-10,Surabaya,Aksesoris,Powerbank 10000mAh,236000,5,1180000,E-Wallet,L,36.0,5.0,Reguler,1919000
TRX02091,2026-06-10,Malang,Smartphone,Smartphone Air,2392000,3,7176000,Kredit,P,18.0,4.0,Reguler,2294000
TRX00904,2026-06-10,Jakarta,Aksesoris,Casing HP,119000,1,119000,E-Wallet,P,43.0,4.0,Reguler,2852000
TRX01375,2026-06-10,Surabaya,Aksesoris,Mouse Wireless,352000,4,1408000,E-Wallet,L,41.0,4.0,Reguler,2787000
TRX00565,2026-06-10,Bandung,Elektronik Rumah Tangga,Rice Cooker,2144000,3,6432000,Debit,L,,4.0,Reguler,887000
TRX01752,2026-06-10,Surabaya,Smartphone,Smartphone NovaLite,7797000,4,31188000,Tunai,P,29.0,5.0,Reguler,619000
TRX00035,2026-06-10,Bandung,Smartphone,Smartphone Air,1945000,4,7780000,Debit,L,25.0,5.0,Reguler,2021000
TRX01324,2026-06-10,Malang,Elektronik Rumah Tangga,Kipas Angin,2178000,5,10890000,Kredit,P,30.0,3.0,Reguler,1572000
TRX01912,2026-06-10,Bandung,Laptop,Laptop UltraSlim,13897000,3,41691000,E-Wallet,P,,5.0,Reguler,2573000
TRX02042,2026-06-11,Malang,Laptop,Laptop UltraSlim,12214000,1,12214000,Tunai,P,22.0,4.0,Reguler,351000
TRX01389,2026-06-11,Malang,Elektronik Rumah Tangga,Rice Cooker,2240000,4,8960000,Kredit,L,18.0,5.0,Reguler,2634000
TRX00358,2026-06-11,Surabaya,Smartphone,Smartphone NovaLite,3194000,2,6388000,Debit,P,18.0,4.0,Reguler,2653000
TRX00389,2026-06-11,Bandung,Aksesoris,Earphone Bluetooth,234000,1,234000,E-Wallet,P,,5.0,Reguler,786000
TRX00364,2026-06-11,Surabaya,Aksesoris,Casing HP,105000,3,315000,Debit,P,,5.0,Reguler,2856000
TRX01692,2026-06-11,Malang,Elektronik Rumah Tangga,TV LED 32in,1069000,5,5345000,E-Wallet,L,18.0,2.0,Reguler,2383000
TRX01606,2026-06-11,Surabaya,Smartphone,Smartphone Z5,2865000,4,11460000,Debit,P,40.0,5.0,Reguler,2988000
TRX00362,2026-06-11,Surabaya,Elektronik Rumah Tangga,Kipas Angin,1461000,1,1461000,Debit,L,63.0,4.0,Reguler,248000
TRX00048,2026-06-11,Jakarta,Smartphone,Smartphone Z5,6897000,2,13794000,E-Wallet,P,34.0,4.0,Reguler,409000
TRX00579,2026-06-11,Bandung,Laptop,Laptop A14,9879000,1,9879000,Tunai,P,43.0,4.0,Reguler,1333000
TRX02061,2026-06-11,Bandung,Aksesoris,Earphone Bluetooth,255000,1,255000,E-Wallet,P,41.0,1.0,Reguler,2951000
TRX01304,2026-06-12,Bandung,Aksesoris,Earphone Bluetooth,298000,2,596000,Debit,P,43.0,5.0,Reguler,2482000
TRX01878,2026-06-12,Jakarta,Laptop,Laptop A14,5407000,2,10814000,E-Wallet,P,39.0,5.0,Reguler,1393000
TRX00740,2026-06-12,Jakarta,Aksesoris,Mouse Wireless,489000,4,1956000,Kredit,L,18.0,4.0,Reguler,2546000
TRX00095,2026-06-12,Bandung,Aksesoris,Casing HP,224000,4,896000,Debit,L,45.0,1.0,Reguler,357000
TRX01557,2026-06-12,Surabaya,Smartphone,Smartphone Air,7248000,4,28992000,Tunai,L,36.0,1.0,Reguler,1935000
TRX01471,2026-06-12,Malang,Aksesoris,Mouse Wireless,76000,3,228000,Tunai,P,34.0,4.0,Reguler,1780000
TRX00304,2026-06-12,Surabaya,Laptop,Laptop UltraSlim,10501000,1,10501000,Tunai,L,28.0,5.0,Reguler,940000
TRX01384,2026-06-12,Surabaya,Aksesoris,Earphone Bluetooth,378000,1,378000,E-Wallet,L,31.0,3.0,Reguler,954000
TRX00828,2026-06-12,Jakarta,Smartphone,Smartphone NovaLite,7767000,5,38835000,Kredit,P,18.0,5.0,Reguler,203000
TRX01632,2026-06-12,Malang,Aksesoris,Earphone Bluetooth,112000,1,112000,Debit,P,25.0,5.0,Reguler,691000
TRX00179,2026-06-13,Bandung,Elektronik Rumah Tangga,Kulkas 2 Pintu,5217000,5,26085000,Debit,P,41.0,5.0,Reguler,1536000
TRX00345,2026-06-13,Malang,Laptop,Laptop UltraSlim,7672000,1,7672000,Tunai,P,20.0,4.0,Reguler,2745000
TRX01037,2026-06-13,Surabaya,Laptop,Laptop UltraSlim,5404000,4,21616000,Debit,P,21.0,4.0,Reguler,1959000
TRX00592,2026-06-13,Bandung,Aksesoris,Casing HP,396000,4,1584000,Kredit,P,49.0,5.0,Reguler,2912000
TRX01315,2026-06-13,Surabaya,Smartphone,Smartphone NovaLite,4722000,3,14166000,Tunai,L,39.0,2.0,Reguler,2604000
TRX00067,2026-06-13,Jakarta,Aksesoris,Earphone Bluetooth,189000,2,378000,Debit,L,31.0,4.0,Reguler,871000
TRX00220,2026-06-13,Bandung,Aksesoris,Earphone Bluetooth,363000,4,1452000,Tunai,P,46.0,5.0,Reguler,1778000
TRX01206,2026-06-13,Surabaya,Smartphone,Smartphone NovaLite,2398000,5,11990000,Kredit,L,51.0,3.0,Reguler,831000
TRX01428,2026-06-13,Bandung,Smartphone,Smartphone MaxEdge,6335000,5,31675000,Kredit,L,,5.0,Reguler,1913000
TRX01826,2026-06-13,Surabaya,Laptop,Laptop ProBook,11608000,3,34824000,Debit,L,36.0,4.0,Reguler,2877000
TRX01732,2026-06-13,Surabaya,Elektronik Rumah Tangga,Kulkas 2 Pintu,2385000,1,2385000,Debit,P,28.0,5.0,Reguler,2480000
TRX01108,2026-06-14,Surabaya,Smartphone,Smartphone NovaLite,7030000,5,35150000,Tunai,P,25.0,4.0,Reguler,2752000
TRX01390,2026-06-14,Jakarta,Aksesoris,Earphone Bluetooth,449000,5,2245000,E-Wallet,P,46.0,4.0,Reguler,2261000
TRX00843,2026-06-14,Surabaya,Laptop,Laptop ProBook,7885000,4,31540000,Tunai,P,25.0,4.0,Reguler,1330000
TRX00202,2026-06-14,Surabaya,Smartphone,Smartphone Z5,5622000,3,16866000,E-Wallet,L,19.0,5.0,Reguler,2043000
TRX00840,2026-06-14,Malang,Aksesoris,Mouse Wireless,131000,3,393000,Kredit,L,22.0,4.0,Reguler,2339000
TRX01569,2026-06-14,Surabaya,Smartphone,Smartphone Z5,5887000,5,29435000,E-Wallet,L,43.0,5.0,Reguler,400000
TRX01154,2026-06-14,Surabaya,Aksesoris,Powerbank 10000mAh,222000,4,888000,Debit,L,18.0,,Reguler,1786000
TRX01287,2026-06-14,Bandung,Smartphone,Smartphone NovaLite,6085000,2,12170000,Kredit,P,27.0,4.0,Reguler,1831000
TRX02114,2026-06-14,Surabaya,Laptop,Laptop A14,12847000,3,38541000,Tunai,L,40.0,5.0,Reguler,840000
TRX02068,2026-06-14,Malang,Aksesoris,Powerbank 10000mAh,428000,2,856000,Debit,P,38.0,4.0,Reguler,1801000
TRX00324,2026-06-15,Surabaya,Aksesoris,Mouse Wireless,231000,5,1155000,E-Wallet,P,27.0,5.0,Reguler,2233000
TRX01507,2026-06-15,Jakarta,Smartphone,Smartphone NovaLite,5185000,5,25925000,E-Wallet,P,37.0,5.0,Reguler,351000
TRX00642,2026-06-15,Malang,Laptop,Laptop X1,7202000,1,7202000,Debit,L,57.0,5.0,Reguler,983000
TRX01948,2026-06-15,Jakarta,Laptop,Laptop X1,10295000,5,51475000,Kredit,L,41.0,5.0,Reguler,2330000
TRX02113,2026-06-15,Jakarta,Smartphone,Smartphone MaxEdge,6307000,2,12614000,Kredit,L,38.0,4.0,Reguler,2624000
TRX02101,2026-06-15,Jakarta,Aksesoris,Earphone Bluetooth,304000,5,1520000,E-Wallet,P,,2.0,Reguler,2780000
TRX01354,2026-06-15,Jakarta,Laptop,Laptop UltraSlim,14176000,5,70880000,E-Wallet,P,36.0,4.0,Reguler,1159000
TRX02164,2026-06-15,Surabaya,Aksesoris,Powerbank 10000mAh,325000,1,325000,E-Wallet,P,42.0,4.0,Reguler,654000
TRX01708,2026-06-15,Jakarta,Aksesoris,Powerbank 10000mAh,324000,3,972000,Kredit,P,27.0,5.0,Reguler,957000
TRX00943,2026-06-15,Jakarta,Smartphone,Smartphone MaxEdge,6063000,4,24252000,Kredit,P,24.0,,Reguler,1436000
TRX00529,2026-06-15,Malang,Elektronik Rumah Tangga,Rice Cooker,812000,4,3248000,Kredit,P,18.0,4.0,Reguler,2178000
TRX01951,2026-06-15,Bandung,Smartphone,Smartphone Air,6169000,2,12338000,E-Wallet,L,35.0,3.0,Reguler,1128000
TRX00969,2026-06-16,Malang,Aksesoris,Earphone Bluetooth,437000,5,2185000,E-Wallet,L,39.0,4.0,Reguler,244000
TRX00733,2026-06-16,Surabaya,Aksesoris,Powerbank 10000mAh,77000,2,154000,Debit,P,37.0,4.0,Reguler,2965000
TRX00153,2026-06-16,Malang,Laptop,Laptop A14,13478000,1,13478000,Kredit,L,31.0,4.0,Reguler,1247000
TRX00715,2026-06-16,Jakarta,Smartphone,Smartphone NovaLite,5963000,2,11926000,E-Wallet,L,24.0,4.0,Reguler,2051000
TRX01081,2026-06-16,Jakarta,Smartphone,Smartphone Z5,4515000,5,22575000,Kredit,P,37.0,4.0,Reguler,898000
TRX00061,2026-06-16,Malang,Smartphone,Smartphone Air,4865000,3,14595000,E-Wallet,L,32.0,5.0,Reguler,526000
TRX01170,2026-06-16,Bandung,Laptop,Laptop A14,5343000,5,26715000,Debit,L,45.0,5.0,Reguler,629000
TRX01530,2026-06-16,Malang,Elektronik Rumah Tangga,Rice Cooker,4703000,2,9406000,Kredit,L,45.0,4.0,Reguler,556000
TRX02014,2026-06-16,Jakarta,Aksesoris,Powerbank 10000mAh,71000,5,355000,Kredit,P,23.0,5.0,Reguler,1520000
TRX00530,2026-06-16,Surabaya,Aksesoris,Mouse Wireless,125000,2,250000,E-Wallet,P,44.0,5.0,Reguler,1696000
TRX01006,2026-06-16,Jakarta,Laptop,Laptop A14,14900000,1,14900000,Debit,L,31.0,5.0,Reguler,2655000
TRX00669,2026-06-16,Malang,Smartphone,Smartphone Z5,3824000,2,7648000,Debit,P,21.0,3.0,Reguler,1190000
TRX01705,2026-06-16,Malang,Laptop,Laptop ProBook,7446000,5,37230000,Kredit,P,36.0,3.0,Reguler,2270000
TRX01972,2026-06-16,Bandung,Elektronik Rumah Tangga,Rice Cooker,881000,1,881000,Tunai,L,35.0,5.0,Reguler,2421000
TRX00804,2026-06-16,Malang,Smartphone,Smartphone MaxEdge,7353000,5,36765000,Kredit,L,26.0,3.0,Reguler,2505000
TRX01564,2026-06-16,Malang,Aksesoris,Mouse Wireless,299000,3,897000,Debit,P,32.0,4.0,Reguler,416000
TRX01103,2026-06-16,Bandung,Laptop,Laptop UltraSlim,6524000,3,19572000,Debit,L,35.0,,Reguler,1315000
TRX01679,2026-06-17,Malang,Aksesoris,Earphone Bluetooth,70000,3,210000,E-Wallet,L,30.0,3.0,Reguler,916000
TRX00452,2026-06-17,Surabaya,Smartphone,Smartphone Z5,2786000,3,8358000,Kredit,L,45.0,,Reguler,2036000
TRX01623,2026-06-17,Surabaya,Smartphone,Smartphone Z5,7243000,4,28972000,E-Wallet,L,32.0,4.0,Reguler,276000
TRX00577,2026-06-17,Jakarta,Laptop,Laptop UltraSlim,12568000,5,62840000,E-Wallet,L,42.0,4.0,Reguler,326000
TRX00499,2026-06-17,Jakarta,Smartphone,Smartphone Air,5825000,2,11650000,Kredit,L,29.0,5.0,Reguler,2957000
TRX02166,2026-06-17,Malang,Aksesoris,Powerbank 10000mAh,249000,1,249000,E-Wallet,P,29.0,5.0,Reguler,1607000
TRX01182,2026-06-17,Malang,Aksesoris,Powerbank 10000mAh,109000,1,109000,E-Wallet,L,18.0,3.0,Reguler,1036000
TRX00438,2026-06-17,Jakarta,Aksesoris,Powerbank 10000mAh,455000,1,455000,Tunai,L,23.0,4.0,Reguler,2948000
TRX00527,2026-06-17,Surabaya,Smartphone,Smartphone Z5,6019000,5,30095000,Debit,L,47.0,4.0,Reguler,642000
TRX01067,2026-06-17,Bandung,Smartphone,Smartphone Air,5195000,4,20780000,Tunai,P,22.0,5.0,Reguler,2009000
TRX00862,2026-06-17,Surabaya,Smartphone,Smartphone NovaLite,7390000,2,14780000,E-Wallet,L,29.0,4.0,Reguler,1019000
TRX00421,2026-06-17,Malang,Aksesoris,Casing HP,227000,1,227000,Debit,P,28.0,5.0,Reguler,2126000
TRX01990,2026-06-17,Bandung,Aksesoris,Mouse Wireless,88000,3,264000,E-Wallet,P,40.0,2.0,Reguler,1057000
TRX00264,2026-06-17,Malang,Laptop,Laptop A14,6981000,2,13962000,Tunai,P,35.0,5.0,Reguler,494000
TRX00024,2026-06-17,Malang,Aksesoris,Powerbank 10000mAh,447000,1,447000,Debit,P,41.0,4.0,Reguler,1008000
TRX01262,2026-06-17,Malang,Laptop,Laptop X1,7743000,3,23229000,Debit,P,39.0,4.0,Reguler,2054000
TRX00586,2026-06-17,Malang,Laptop,Laptop X1,11238000,4,44952000,E-Wallet,L,,4.0,Reguler,2039000
TRX01273,2026-06-18,Surabaya,Laptop,Laptop UltraSlim,12889000,4,51556000,Kredit,P,29.0,4.0,Reguler,517000
TRX00722,2026-06-18,Surabaya,Laptop,Laptop ProBook,13029000,2,26058000,E-Wallet,P,,5.0,Reguler,2271000
TRX00693,2026-06-18,Malang,Laptop,Laptop UltraSlim,12513000,3,37539000,E-Wallet,P,37.0,5.0,Reguler,2837000
TRX00470,2026-06-18,Surabaya,Aksesoris,Powerbank 10000mAh,411000,3,1233000,Debit,L,25.0,4.0,Reguler,263000
TRX01516,2026-06-18,Surabaya,Laptop,Laptop A14,12218000,5,61090000,E-Wallet,L,35.0,5.0,Reguler,2058000
TRX01751,2026-06-18,Surabaya,Laptop,Laptop ProBook,10986000,1,10986000,Kredit,P,36.0,4.0,Reguler,235000
TRX01533,2026-06-18,Bandung,Aksesoris,Mouse Wireless,314000,5,1570000,Kredit,P,45.0,4.0,Reguler,837000
TRX00491,2026-06-18,Malang,Laptop,Laptop A14,12188000,3,36564000,Tunai,L,31.0,5.0,Reguler,211000
TRX01977,2026-06-18,Surabaya,Smartphone,Smartphone NovaLite,1945000,3,5835000,Kredit,P,23.0,3.0,Reguler,2807000
TRX01143,2026-06-18,Surabaya,Elektronik Rumah Tangga,TV LED 32in,1925000,5,9625000,E-Wallet,L,23.0,4.0,Reguler,2140000
TRX01766,2026-06-19,Malang,Smartphone,Smartphone Air,5187000,2,10374000,Tunai,L,30.0,4.0,Reguler,1112000
TRX00286,2026-06-19,Malang,Aksesoris,Casing HP,132000,1,132000,E-Wallet,L,25.0,5.0,Reguler,2759000
TRX01443,2026-06-19,Surabaya,Aksesoris,Casing HP,243000,5,1215000,E-Wallet,P,,4.0,Reguler,1105000
TRX01447,2026-06-19,Bandung,Smartphone,Smartphone Air,6372000,1,6372000,Tunai,L,24.0,5.0,Reguler,1894000
TRX00754,2026-06-19,Jakarta,Smartphone,Smartphone NovaLite,3338000,1,3338000,E-Wallet,P,30.0,5.0,Reguler,846000
TRX00348,2026-06-19,Surabaya,Smartphone,Smartphone Air,2102000,1,2102000,Debit,L,29.0,5.0,Reguler,1397000
TRX00181,2026-06-19,Surabaya,Smartphone,Smartphone Air,4331000,5,21655000,E-Wallet,L,28.0,4.0,Reguler,2049000
TRX02148,2026-06-19,Jakarta,Smartphone,Smartphone Air,7718000,3,23154000,Kredit,P,51.0,5.0,Reguler,2600000
TRX00409,2026-06-19,Malang,Smartphone,Smartphone MaxEdge,5985000,2,11970000,Kredit,L,38.0,2.0,Reguler,2701000
TRX00764,2026-06-19,Surabaya,Smartphone,Smartphone MaxEdge,5793000,4,23172000,Kredit,P,51.0,2.0,Reguler,679000
TRX00382,2026-06-19,Malang,Laptop,Laptop A14,8391000,2,16782000,Kredit,L,,3.0,Reguler,2866000
TRX00319,2026-06-19,Bandung,Smartphone,Smartphone Air,2543000,5,12715000,E-Wallet,P,27.0,4.0,Reguler,608000
TRX00680,2026-06-19,Surabaya,Aksesoris,Casing HP,418000,4,1672000,E-Wallet,L,33.0,4.0,Reguler,212000
TRX02169,2026-06-19,Bandung,Smartphone,Smartphone Air,3647000,3,10941000,Debit,L,18.0,1.0,Reguler,1908000
TRX01837,2026-06-20,Surabaya,Laptop,Laptop A14,11766000,2,23532000,E-Wallet,P,25.0,3.0,Reguler,610000
TRX00081,2026-06-20,Jakarta,Smartphone,Smartphone Z5,6951000,5,34755000,Debit,P,37.0,3.0,Reguler,2787000
TRX01910,2026-06-20,Jakarta,Laptop,Laptop A14,9243000,2,18486000,Kredit,L,45.0,5.0,Reguler,2617000
TRX01681,2026-06-20,Malang,Elektronik Rumah Tangga,Kipas Angin,3118000,5,15590000,Tunai,P,36.0,3.0,Reguler,1737000
TRX02097,2026-06-20,Surabaya,Smartphone,Smartphone MaxEdge,1725000,4,6900000,E-Wallet,P,26.0,,Reguler,1945000
TRX01109,2026-06-20,Malang,Elektronik Rumah Tangga,Kulkas 2 Pintu,1570000,3,4710000,Debit,P,36.0,3.0,Reguler,1034000
TRX01689,2026-06-20,Bandung,Elektronik Rumah Tangga,Kipas Angin,3564000,2,7128000,Tunai,L,36.0,5.0,Reguler,1202000
TRX01874,2026-06-20,Bandung,Laptop,Laptop UltraSlim,11515000,3,34545000,Debit,L,40.0,4.0,Reguler,1823000
TRX00936,2026-06-20,Jakarta,Laptop,Laptop X1,12868000,3,38604000,Debit,L,23.0,5.0,Reguler,2502000
TRX00926,2026-06-21,Surabaya,Elektronik Rumah Tangga,TV LED 32in,3041000,4,12164000,E-Wallet,P,19.0,5.0,Reguler,1860000
TRX00383,2026-06-21,Surabaya,Smartphone,Smartphone NovaLite,3307000,5,16535000,E-Wallet,L,38.0,,Reguler,1727000
TRX00763,2026-06-21,Bandung,Laptop,Laptop UltraSlim,9500000,2,19000000,Debit,L,27.0,5.0,Reguler,2633000
TRX00949,2026-06-21,Malang,Laptop,Laptop A14,9267000,1,9267000,Kredit,P,41.0,4.0,Reguler,2025000
TRX00640,2026-06-21,Jakarta,Laptop,Laptop ProBook,13568000,1,13568000,Debit,P,50.0,3.0,Reguler,1454000
TRX00571,2026-06-21,Surabaya,Smartphone,Smartphone Air,5381000,4,21524000,E-Wallet,P,53.0,4.0,Reguler,1210000
TRX02054,2026-06-21,Malang,Aksesoris,Powerbank 10000mAh,451000,1,451000,E-Wallet,L,41.0,,Reguler,2095000
TRX00965,2026-06-21,Surabaya,Aksesoris,Mouse Wireless,429000,3,1287000,Kredit,P,50.0,5.0,Reguler,2994000
TRX02028,2026-06-21,Malang,Elektronik Rumah Tangga,Kipas Angin,3819000,4,15276000,Debit,L,40.0,2.0,Reguler,1030000
TRX00694,2026-06-21,Jakarta,Smartphone,Smartphone MaxEdge,5544000,4,22176000,Kredit,L,42.0,1.0,Reguler,1599000
TRX01727,2026-06-21,Surabaya,Smartphone,Smartphone Z5,5783000,1,5783000,Kredit,L,25.0,5.0,Reguler,2569000
TRX01421,2026-06-21,Malang,Smartphone,Smartphone NovaLite,4862000,4,19448000,Debit,L,28.0,1.0,Reguler,2794000
TRX00293,2026-06-22,Malang,Aksesoris,Powerbank 10000mAh,394000,2,788000,E-Wallet,P,23.0,4.0,Reguler,2043000
TRX01269,2026-06-22,Surabaya,Smartphone,Smartphone Air,5458000,2,10916000,E-Wallet,P,42.0,,Reguler,2140000
TRX02165,2026-06-22,Surabaya,Laptop,Laptop A14,10694000,2,21388000,Debit,P,28.0,2.0,Reguler,1531000
TRX01440,2026-06-22,Surabaya,Aksesoris,Powerbank 10000mAh,236000,3,708000,E-Wallet,P,22.0,5.0,Reguler,467000
TRX00776,2026-06-22,Jakarta,Smartphone,Smartphone Z5,4237000,4,16948000,Kredit,L,,5.0,Reguler,1363000
TRX01934,2026-06-22,Malang,Smartphone,Smartphone Air,1599000,3,4797000,E-Wallet,L,24.0,5.0,Reguler,2421000
TRX01295,2026-06-22,Surabaya,Laptop,Laptop A14,10996000,5,54980000,Debit,L,29.0,5.0,Reguler,2936000
TRX01784,2026-06-22,Surabaya,Laptop,Laptop ProBook,5757000,3,17271000,Tunai,L,29.0,4.0,Reguler,2917000
TRX01930,2026-06-22,Surabaya,Laptop,Laptop ProBook,8184000,3,24552000,E-Wallet,L,22.0,5.0,Reguler,433000
TRX01832,2026-06-22,Malang,Laptop,Laptop A14,12828000,2,25656000,Tunai,P,44.0,4.0,Reguler,2896000
TRX00448,2026-06-22,Jakarta,Elektronik Rumah Tangga,TV LED 32in,4908000,3,14724000,Tunai,L,21.0,,Reguler,222000
TRX00671,2026-06-22,Surabaya,Elektronik Rumah Tangga,TV LED 32in,1003000,4,4012000,E-Wallet,P,45.0,4.0,Reguler,230000
TRX02122,2026-06-22,Jakarta,Smartphone,Smartphone NovaLite,7038000,1,7038000,Kredit,L,36.0,5.0,Reguler,2349000
TRX00340,2026-06-22,Bandung,Smartphone,Smartphone NovaLite,4345000,4,17380000,E-Wallet,L,47.0,2.0,Reguler,1318000
TRX01083,2026-06-23,Jakarta,Laptop,Laptop X1,11034000,1,11034000,Kredit,P,35.0,4.0,Reguler,367000
TRX01054,2026-06-23,Jakarta,Laptop,Laptop A14,12637000,1,12637000,Debit,P,23.0,4.0,Reguler,826000
TRX02117,2026-06-23,Surabaya,Laptop,Laptop A14,13662000,1,13662000,Kredit,L,,5.0,Reguler,1958000
TRX00684,2026-06-23,Malang,Laptop,Laptop X1,14844000,3,44532000,E-Wallet,L,35.0,3.0,Reguler,2187000
TRX00515,2026-06-23,Jakarta,Smartphone,Smartphone NovaLite,4140000,1,4140000,Tunai,L,39.0,4.0,Reguler,2649000
TRX00649,2026-06-23,Surabaya,Elektronik Rumah Tangga,TV LED 32in,4922000,5,24610000,E-Wallet,P,31.0,5.0,Reguler,573000
TRX01939,2026-06-23,Malang,Smartphone,Smartphone Z5,6949000,5,34745000,Tunai,P,42.0,4.0,Reguler,1066000
TRX01448,2026-06-23,Malang,Aksesoris,Mouse Wireless,375000,2,750000,E-Wallet,L,34.0,5.0,Reguler,2511000
TRX00274,2026-06-23,Jakarta,Smartphone,Smartphone Z5,6683000,5,33415000,Debit,L,,3.0,Reguler,1231000
TRX01376,2026-06-23,Malang,Laptop,Laptop ProBook,11458000,5,57290000,Tunai,P,30.0,4.0,Reguler,1914000
TRX00451,2026-06-23,Malang,Laptop,Laptop ProBook,9339000,1,9339000,E-Wallet,P,23.0,2.0,Reguler,628000
TRX00751,2026-06-23,Malang,Elektronik Rumah Tangga,Kulkas 2 Pintu,3494000,1,3494000,Tunai,L,27.0,4.0,Reguler,434000
TRX00195,2026-06-23,Surabaya,Laptop,Laptop X1,13197000,2,26394000,E-Wallet,L,39.0,4.0,Reguler,1501000
TRX00683,2026-06-23,Malang,Smartphone,Smartphone MaxEdge,3927000,1,3927000,Tunai,P,29.0,4.0,Reguler,2224000
TRX01810,2026-06-23,Surabaya,Aksesoris,Mouse Wireless,108000,3,324000,Kredit,P,53.0,4.0,Reguler,1677000
TRX01700,2026-06-24,Jakarta,Aksesoris,Casing HP,60000,4,240000,Kredit,L,30.0,1.0,Reguler,571000
TRX01210,2026-06-24,Bandung,Smartphone,Smartphone Z5,7937000,4,31748000,Kredit,P,,4.0,Reguler,2925000
TRX02143,2026-06-24,Bandung,Aksesoris,Mouse Wireless,434000,2,868000,Tunai,L,37.0,2.0,Reguler,1809000
TRX00200,2026-06-24,Surabaya,Elektronik Rumah Tangga,TV LED 32in,2773000,3,8319000,Debit,P,31.0,4.0,Reguler,2860000
TRX00466,2026-06-24,Surabaya,Aksesoris,Earphone Bluetooth,385000,5,1925000,Kredit,L,18.0,5.0,Reguler,1904000
TRX00853,2026-06-24,Jakarta,Smartphone,Smartphone MaxEdge,2981000,3,8943000,E-Wallet,P,40.0,5.0,Reguler,742000
TRX00999,2026-06-24,Malang,Smartphone,Smartphone Z5,6505000,4,26020000,Kredit,L,25.0,5.0,Reguler,1615000
TRX00337,2026-06-24,Malang,Aksesoris,Casing HP,309000,5,1545000,Debit,P,35.0,4.0,Reguler,1998000
TRX01369,2026-06-24,Surabaya,Elektronik Rumah Tangga,Rice Cooker,1479000,4,5916000,Tunai,L,37.0,5.0,Reguler,1114000
TRX01223,2026-06-24,Surabaya,Aksesoris,Powerbank 10000mAh,401000,3,1203000,E-Wallet,L,42.0,4.0,Reguler,1233000
TRX01377,2026-06-24,Malang,Laptop,Laptop ProBook,5888000,2,11776000,E-Wallet,L,46.0,4.0,Reguler,742000
TRX01243,2026-06-24,Jakarta,Elektronik Rumah Tangga,TV LED 32in,1534000,5,7670000,Debit,L,22.0,4.0,Reguler,616000
TRX00503,2026-06-24,Jakarta,Smartphone,Smartphone Air,6822000,2,13644000,Kredit,P,45.0,4.0,Reguler,2284000
TRX01955,2026-06-25,Jakarta,Aksesoris,Powerbank 10000mAh,275000,2,550000,Debit,P,30.0,4.0,Reguler,962000
TRX01226,2026-06-25,Bandung,Smartphone,Smartphone Z5,2188000,4,8752000,Debit,P,26.0,,Reguler,409000
TRX00861,2026-06-25,Jakarta,Smartphone,Smartphone MaxEdge,3337000,2,6674000,E-Wallet,L,18.0,5.0,Reguler,2804000
TRX01567,2026-06-25,Bandung,Smartphone,Smartphone NovaLite,3267000,2,6534000,Debit,P,43.0,4.0,Reguler,1630000
TRX01233,2026-06-25,Jakarta,Aksesoris,Earphone Bluetooth,481000,1,481000,E-Wallet,P,,5.0,Reguler,1351000
TRX00046,2026-06-25,Surabaya,Aksesoris,Earphone Bluetooth,397000,1,397000,Debit,P,35.0,5.0,Reguler,2047000
TRX00404,2026-06-25,Surabaya,Aksesoris,Casing HP,195000,4,780000,Kredit,L,34.0,4.0,Reguler,1146000
TRX00797,2026-06-25,Jakarta,Smartphone,Smartphone MaxEdge,2643000,2,5286000,Tunai,L,36.0,4.0,Reguler,2346000
TRX00064,2026-06-25,Malang,Smartphone,Smartphone NovaLite,4938000,3,14814000,E-Wallet,P,35.0,4.0,Reguler,2434000
TRX00355,2026-06-25,Surabaya,Smartphone,Smartphone MaxEdge,5101000,2,10202000,Kredit,P,43.0,4.0,Reguler,2015000
TRX00959,2026-06-25,Malang,Elektronik Rumah Tangga,Rice Cooker,2760000,2,5520000,Tunai,P,38.0,4.0,Reguler,834000
TRX00208,2026-06-25,Jakarta,Aksesoris,Casing HP,201000,4,804000,Debit,P,24.0,,Reguler,515000
TRX00417,2026-06-25,Malang,Aksesoris,Casing HP,170000,3,510000,E-Wallet,L,38.0,3.0,Reguler,2858000
TRX00609,2026-06-25,Bandung,Smartphone,Smartphone Air,6175000,5,30875000,E-Wallet,P,20.0,,Reguler,1988000
TRX02132,2026-06-26,Malang,Smartphone,Smartphone NovaLite,1972000,3,5916000,E-Wallet,L,18.0,3.0,Reguler,2906000
TRX00012,2026-06-26,Surabaya,Elektronik Rumah Tangga,Kulkas 2 Pintu,3406000,1,3406000,E-Wallet,P,40.0,3.0,Reguler,2950000
TRX01649,2026-06-26,Surabaya,Aksesoris,Mouse Wireless,121000,3,363000,E-Wallet,P,47.0,4.0,Reguler,733000
TRX01797,2026-06-26,Bandung,Aksesoris,Earphone Bluetooth,400000,2,800000,E-Wallet,P,32.0,4.0,Reguler,1424000
TRX00441,2026-06-26,Jakarta,Laptop,Laptop X1,10663000,3,31989000,E-Wallet,L,37.0,3.0,Reguler,1280000
TRX00947,2026-06-26,Surabaya,Elektronik Rumah Tangga,Rice Cooker,1839000,4,7356000,Kredit,L,38.0,5.0,Reguler,2250000
TRX01475,2026-06-26,Surabaya,Laptop,Laptop ProBook,8537000,2,17074000,E-Wallet,L,32.0,3.0,Reguler,899000
TRX00325,2026-06-26,Surabaya,Aksesoris,Powerbank 10000mAh,383000,2,766000,E-Wallet,L,35.0,4.0,Reguler,355000
TRX01250,2026-06-27,Malang,Smartphone,Smartphone Z5,3615000,5,18075000,Debit,P,35.0,4.0,Reguler,1300000
TRX00141,2026-06-27,Bandung,Smartphone,Smartphone NovaLite,4423000,1,4423000,Kredit,L,34.0,5.0,Reguler,1155000
TRX01746,2026-06-27,Surabaya,Elektronik Rumah Tangga,Kulkas 2 Pintu,1332000,2,2664000,E-Wallet,L,31.0,4.0,Reguler,1868000
TRX01676,2026-06-27,Surabaya,Smartphone,Smartphone Z5,2892000,4,11568000,Kredit,P,32.0,5.0,Reguler,2516000
TRX00894,2026-06-27,Malang,Aksesoris,Earphone Bluetooth,282000,1,282000,Tunai,P,28.0,4.0,Reguler,2907000
TRX01198,2026-06-27,Malang,Smartphone,Smartphone Air,2521000,1,2521000,E-Wallet,P,42.0,5.0,Reguler,1921000
TRX00914,2026-06-27,Surabaya,Laptop,Laptop UltraSlim,6528000,5,32640000,Kredit,L,31.0,5.0,Reguler,1947000
TRX01381,2026-06-27,Surabaya,Elektronik Rumah Tangga,Rice Cooker,1137000,5,5685000,Tunai,P,34.0,2.0,Reguler,443000
TRX02170,2026-06-27,Malang,Laptop,Laptop ProBook,7583000,1,7583000,Kredit,P,37.0,5.0,Reguler,1048000
TRX00594,2026-06-27,Jakarta,Smartphone,Smartphone NovaLite,4693000,3,14079000,E-Wallet,P,24.0,4.0,Reguler,2683000
TRX01830,2026-06-27,Jakarta,Elektronik Rumah Tangga,Kulkas 2 Pintu,5621000,4,22484000,E-Wallet,L,36.0,4.0,Reguler,1773000
TRX00851,2026-06-27,Bandung,Laptop,Laptop X1,8451000,2,16902000,E-Wallet,P,36.0,4.0,Reguler,1282000
TRX01246,2026-06-28,Malang,Smartphone,Smartphone Z5,5452000,2,10904000,Debit,P,18.0,,Reguler,2809000
TRX01393,2026-06-28,Malang,Aksesoris,Mouse Wireless,386000,5,1930000,E-Wallet,P,38.0,5.0,Reguler,1745000
TRX01457,2026-06-28,Malang,Smartphone,Smartphone NovaLite,4149000,5,20745000,E-Wallet,P,43.0,4.0,Reguler,1831000
TRX01828,2026-06-28,Surabaya,Laptop,Laptop A14,7954000,5,39770000,E-Wallet,P,56.0,4.0,Reguler,2035000
TRX01228,2026-06-28,Malang,Aksesoris,Mouse Wireless,98000,5,490000,E-Wallet,P,40.0,4.0,Reguler,470000
TRX02039,2026-06-28,Jakarta,Aksesoris,Earphone Bluetooth,338000,3,1014000,E-Wallet,P,40.0,4.0,Reguler,1758000
TRX02035,2026-06-28,Jakarta,Smartphone,Smartphone NovaLite,5322000,5,26610000,E-Wallet,P,24.0,4.0,Reguler,2657000
TRX01747,2026-06-28,Malang,Laptop,Laptop ProBook,13510000,3,40530000,E-Wallet,L,21.0,,Reguler,824000
TRX01707,2026-06-28,Surabaya,Aksesoris,Casing HP,463000,3,1389000,Debit,P,34.0,5.0,Reguler,1259000
TRX00555,2026-06-28,Bandung,Aksesoris,Casing HP,176000,4,704000,Kredit,P,24.0,5.0,Reguler,1375000
TRX01570,2026-06-28,Surabaya,Aksesoris,Earphone Bluetooth,227000,3,681000,Kredit,L,30.0,4.0,Reguler,803000
TRX01203,2026-06-28,Surabaya,Aksesoris,Earphone Bluetooth,142000,5,710000,Kredit,P,31.0,,Reguler,927000
TRX01962,2026-06-28,Surabaya,Smartphone,Smartphone Z5,3605000,1,3605000,Debit,L,28.0,4.0,Reguler,1459000
TRX00772,2026-06-28,Surabaya,Aksesoris,Casing HP,146000,5,730000,Debit,P,,5.0,Reguler,2775000
TRX00145,2026-06-29,Surabaya,Elektronik Rumah Tangga,Kipas Angin,5157000,5,25785000,Kredit,P,23.0,3.0,Reguler,2132000
TRX01998,2026-06-29,Surabaya,Laptop,Laptop X1,9204000,3,27612000,Tunai,L,27.0,,Reguler,466000
TRX00356,2026-06-29,Malang,Laptop,Laptop ProBook,7530000,2,15060000,E-Wallet,P,39.0,5.0,Reguler,610000
TRX01088,2026-06-29,Surabaya,Laptop,Laptop UltraSlim,6584000,5,32920000,E-Wallet,P,37.0,4.0,Reguler,971000
TRX01082,2026-06-29,Bandung,Smartphone,Smartphone NovaLite,4112000,4,16448000,Debit,L,18.0,4.0,Reguler,1513000
TRX00347,2026-06-29,Bandung,Smartphone,Smartphone Z5,5626000,2,11252000,E-Wallet,L,46.0,4.0,Reguler,2938000
TRX01620,2026-06-29,Surabaya,Smartphone,Smartphone MaxEdge,2487000,1,2487000,Kredit,P,,5.0,Reguler,2556000
TRX02046,2026-06-29,Jakarta,Laptop,Laptop X1,14896000,5,74480000,E-Wallet,P,26.0,4.0,Reguler,1012000
TRX01626,2026-06-29,Jakarta,Smartphone,Smartphone Z5,2916000,5,14580000,Debit,P,26.0,3.0,Reguler,511000
TRX00265,2026-06-29,Surabaya,Elektronik Rumah Tangga,TV LED 32in,2460000,5,12300000,Debit,P,49.0,4.0,Reguler,822000
TRX00820,2026-06-30,Bandung,Smartphone,Smartphone MaxEdge,2852000,3,8556000,E-Wallet,P,31.0,2.0,Reguler,344000
TRX00161,2026-06-30,Malang,Smartphone,Smartphone Z5,1730000,5,8650000,Debit,P,23.0,4.0,Reguler,2618000
TRX02173,2026-06-30,Jakarta,Elektronik Rumah Tangga,Rice Cooker,4077000,1,4077000,Debit,P,32.0,5.0,Reguler,1152000
TRX00810,2026-06-30,Bandung,Smartphone,Smartphone Air,7610000,2,15220000,Tunai,L,25.0,3.0,Reguler,1865000
TRX01559,2026-06-30,Malang,Laptop,Laptop X1,14760000,3,44280000,Debit,P,34.0,5.0,Reguler,1359000
TRX00511,2026-06-30,Malang,Smartphone,Smartphone NovaLite,2393000,1,2393000,E-Wallet,L,,5.0,Reguler,1871000
TRX00401,2026-06-30,Jakarta,Elektronik Rumah Tangga,Kulkas 2 Pintu,4572000,2,9144000,E-Wallet,L,26.0,5.0,Reguler,747000
TRX00691,2026-06-30,Jakarta,Elektronik Rumah Tangga,Rice Cooker,2180000,4,8720000,E-Wallet,P,39.0,4.0,Reguler,1073000
TRX01169,2026-06-30,Jakarta,Elektronik Rumah Tangga,Rice Cooker,2865000,2,5730000,Debit,L,36.0,5.0,Reguler,1362000
TRX01346,2026-06-30,Surabaya,Elektronik Rumah Tangga,TV LED 32in,5765000,3,17295000,Kredit,L,18.0,5.0,Reguler,1939000
TRX01422,2026-06-30,Surabaya,Smartphone,Smartphone Z5,7161000,3,21483000,E-Wallet,L,24.0,4.0,Reguler,2324000
TRX01056,2026-06-30,Bandung,Aksesoris,Earphone Bluetooth,376000,3,1128000,E-Wallet,L,40.0,4.0,Reguler,1857000
TRX01117,2026-06-30,Malang,Smartphone,Smartphone Z5,7533000,2,15066000,E-Wallet,P,21.0,,Reguler,2207000
TRX01336,2026-06-30,Bandung,Laptop,Laptop ProBook,9496000,1,9496000,E-Wallet,P,47.0,5.0,Reguler,242000
